delivery_id,plant_id,delivery_date,fuel_type,volume_mscf,unit_cost_usd_mscf,total_cost_usd,supplier,pipeline_segment
FUL00001,PLT001,2024-01-01,Natural Gas,1823.08,3.82,6964.18,Ghana National Gas Company,Prestea RMS
FUL00002,PLT002,2024-01-01,Natural Gas,1240.05,3.9786,4933.62,Ghana National Gas Company,Takoradi RMS
FUL00003,PLT003,2024-01-01,Natural Gas,1978.35,4.3414,8588.73,Ghana National Gas Company,Prestea RMS
FUL00004,PLT004,2024-01-01,Natural Gas,2227.49,3.8696,8619.39,Ghana National Gas Company,Takoradi RMS
FUL00005,PLT005,2024-01-01,Natural Gas,1475.07,3.8238,5640.43,Ghana National Gas Company,Prestea RMS
FUL00006,PLT001,2024-01-03,Natural Gas,1149.82,4.2043,4834.17,Ghana National Gas Company,Prestea RMS
FUL00007,PLT002,2024-01-03,Natural Gas,842.46,3.9591,3335.36,Ghana National Gas Company,Takoradi RMS
FUL00008,PLT003,2024-01-03,Natural Gas,1839.82,4.236,7793.39,Ghana National Gas Company,Prestea RMS
FUL00009,PLT004,2024-01-03,Natural Gas,1152.7,4.2714,4923.66,Ghana National Gas Company,Takoradi RMS
FUL00010,PLT005,2024-01-03,Natural Gas,2095.09,3.8052,7972.23,Ghana National Gas Company,Prestea RMS
FUL00011,PLT001,2024-01-05,Natural Gas,2089.31,4.3585,9106.28,Ghana National Gas Company,Prestea RMS
FUL00012,PLT002,2024-01-05,Natural Gas,1344.4,3.9244,5275.94,Ghana National Gas Company,Takoradi RMS
FUL00013,PLT003,2024-01-05,Natural Gas,2331.54,4.0693,9487.68,Ghana National Gas Company,Prestea RMS
FUL00014,PLT004,2024-01-05,Natural Gas,948.39,3.8774,3677.26,Ghana National Gas Company,Takoradi RMS
FUL00015,PLT005,2024-01-05,Natural Gas,2155.99,4.283,9234.06,Ghana National Gas Company,Prestea RMS
FUL00016,PLT001,2024-01-07,Natural Gas,2091.41,4.3838,9168.29,Ghana National Gas Company,Prestea RMS
FUL00017,PLT002,2024-01-07,Natural Gas,1657.96,4.5785,7590.96,Ghana National Gas Company,Takoradi RMS
FUL00018,PLT003,2024-01-07,Natural Gas,1405.66,4.2416,5962.29,Ghana National Gas Company,Prestea RMS
FUL00019,PLT004,2024-01-07,Natural Gas,2127.05,4.2948,9135.29,Ghana National Gas Company,Takoradi RMS
FUL00020,PLT005,2024-01-07,Natural Gas,2178.73,4.2619,9285.49,Ghana National Gas Company,Prestea RMS
FUL00021,PLT001,2024-01-09,Natural Gas,1927.31,3.8367,7394.43,Ghana National Gas Company,Prestea RMS
FUL00022,PLT002,2024-01-09,Natural Gas,1164.64,4.0315,4695.26,Ghana National Gas Company,Takoradi RMS
FUL00023,PLT003,2024-01-09,Natural Gas,927.67,3.9862,3697.91,Ghana National Gas Company,Prestea RMS
FUL00024,PLT004,2024-01-09,Natural Gas,961.6,4.0224,3867.92,Ghana National Gas Company,Takoradi RMS
FUL00025,PLT005,2024-01-09,Natural Gas,1817.1,4.0919,7435.33,Ghana National Gas Company,Prestea RMS
FUL00026,PLT001,2024-01-11,Natural Gas,1392.29,3.9676,5524.06,Ghana National Gas Company,Prestea RMS
FUL00027,PLT002,2024-01-11,Natural Gas,1227.16,4.5493,5582.75,Ghana National Gas Company,Takoradi RMS
FUL00028,PLT003,2024-01-11,Natural Gas,1836.86,4.2873,7875.18,Ghana National Gas Company,Prestea RMS
FUL00029,PLT004,2024-01-11,Natural Gas,1073.82,4.3833,4706.88,Ghana National Gas Company,Takoradi RMS
FUL00030,PLT005,2024-01-11,Natural Gas,1061.44,4.1036,4355.69,Ghana National Gas Company,Prestea RMS
FUL00031,PLT001,2024-01-13,Natural Gas,2383.24,4.312,10276.53,Ghana National Gas Company,Prestea RMS
FUL00032,PLT002,2024-01-13,Natural Gas,1691.12,4.3477,7352.47,Ghana National Gas Company,Takoradi RMS
FUL00033,PLT003,2024-01-13,Natural Gas,2148.56,4.4208,9498.35,Ghana National Gas Company,Prestea RMS
FUL00034,PLT004,2024-01-13,Natural Gas,1166.48,3.8257,4462.58,Ghana National Gas Company,Takoradi RMS
FUL00035,PLT005,2024-01-13,Natural Gas,1304.72,4.0142,5237.4,Ghana National Gas Company,Prestea RMS
FUL00036,PLT001,2024-01-15,Natural Gas,1137.57,4.5543,5180.87,Ghana National Gas Company,Prestea RMS
FUL00037,PLT002,2024-01-15,Natural Gas,2202.19,4.0517,8922.71,Ghana National Gas Company,Takoradi RMS
FUL00038,PLT003,2024-01-15,Natural Gas,1848.7,4.1165,7610.18,Ghana National Gas Company,Prestea RMS
FUL00039,PLT004,2024-01-15,Natural Gas,2263.28,4.1671,9431.27,Ghana National Gas Company,Takoradi RMS
FUL00040,PLT005,2024-01-15,Natural Gas,1223.81,3.9973,4891.94,Ghana National Gas Company,Prestea RMS
FUL00041,PLT001,2024-01-17,Natural Gas,1698.19,4.0102,6810.07,Ghana National Gas Company,Prestea RMS
FUL00042,PLT002,2024-01-17,Natural Gas,1735.34,4.5183,7840.71,Ghana National Gas Company,Takoradi RMS
FUL00043,PLT003,2024-01-17,Natural Gas,1439.04,3.9755,5720.84,Ghana National Gas Company,Prestea RMS
FUL00044,PLT004,2024-01-17,Natural Gas,2396.06,4.2076,10081.71,Ghana National Gas Company,Takoradi RMS
FUL00045,PLT005,2024-01-17,Natural Gas,945.46,3.8377,3628.39,Ghana National Gas Company,Prestea RMS
FUL00046,PLT001,2024-01-19,Natural Gas,975.44,4.302,4196.3,Ghana National Gas Company,Prestea RMS
FUL00047,PLT002,2024-01-19,Natural Gas,2067.33,4.1377,8554.05,Ghana National Gas Company,Takoradi RMS
FUL00048,PLT003,2024-01-19,Natural Gas,901.64,4.1053,3701.5,Ghana National Gas Company,Prestea RMS
FUL00049,PLT004,2024-01-19,Natural Gas,2393.79,4.2233,10109.67,Ghana National Gas Company,Takoradi RMS
FUL00050,PLT005,2024-01-19,Natural Gas,2353.73,4.4886,10565.01,Ghana National Gas Company,Prestea RMS
FUL00051,PLT001,2024-01-21,Natural Gas,818.37,4.3766,3581.66,Ghana National Gas Company,Prestea RMS
FUL00052,PLT002,2024-01-21,Natural Gas,1890.74,4.2296,7997.03,Ghana National Gas Company,Takoradi RMS
FUL00053,PLT003,2024-01-21,Natural Gas,1226.92,4.3128,5291.42,Ghana National Gas Company,Prestea RMS
FUL00054,PLT004,2024-01-21,Natural Gas,978.48,4.1478,4058.55,Ghana National Gas Company,Takoradi RMS
FUL00055,PLT005,2024-01-21,Natural Gas,1525.96,4.5631,6963.04,Ghana National Gas Company,Prestea RMS
FUL00056,PLT001,2024-01-23,Natural Gas,2201.36,4.0107,8829.02,Ghana National Gas Company,Prestea RMS
FUL00057,PLT002,2024-01-23,Natural Gas,1600.94,3.9429,6312.38,Ghana National Gas Company,Takoradi RMS
FUL00058,PLT003,2024-01-23,Natural Gas,2260.2,4.4964,10162.8,Ghana National Gas Company,Prestea RMS
FUL00059,PLT004,2024-01-23,Natural Gas,1277.51,4.3112,5507.55,Ghana National Gas Company,Takoradi RMS
FUL00060,PLT005,2024-01-23,Natural Gas,1774.35,3.9223,6959.48,Ghana National Gas Company,Prestea RMS
FUL00061,PLT001,2024-01-25,Natural Gas,2020.02,4.2315,8547.72,Ghana National Gas Company,Prestea RMS
FUL00062,PLT002,2024-01-25,Natural Gas,2045.8,4.2243,8642.04,Ghana National Gas Company,Takoradi RMS
FUL00063,PLT003,2024-01-25,Natural Gas,800.92,4.0593,3251.19,Ghana National Gas Company,Prestea RMS
FUL00064,PLT004,2024-01-25,Natural Gas,831.16,4.5433,3776.19,Ghana National Gas Company,Takoradi RMS
FUL00065,PLT005,2024-01-25,Natural Gas,2205.96,4.4653,9850.34,Ghana National Gas Company,Prestea RMS
FUL00066,PLT001,2024-01-27,Natural Gas,1292.02,3.8463,4969.55,Ghana National Gas Company,Prestea RMS
FUL00067,PLT002,2024-01-27,Natural Gas,2204.82,4.5576,10048.6,Ghana National Gas Company,Takoradi RMS
FUL00068,PLT003,2024-01-27,Natural Gas,937.05,4.1888,3925.11,Ghana National Gas Company,Prestea RMS
FUL00069,PLT004,2024-01-27,Natural Gas,910.74,4.4085,4014.98,Ghana National Gas Company,Takoradi RMS
FUL00070,PLT005,2024-01-27,Natural Gas,2025.34,3.9027,7904.32,Ghana National Gas Company,Prestea RMS
FUL00071,PLT001,2024-01-29,Natural Gas,1560.45,4.2398,6616.06,Ghana National Gas Company,Prestea RMS
FUL00072,PLT002,2024-01-29,Natural Gas,1224.09,4.4979,5505.89,Ghana National Gas Company,Takoradi RMS
FUL00073,PLT003,2024-01-29,Natural Gas,1477.02,3.9694,5862.94,Ghana National Gas Company,Prestea RMS
FUL00074,PLT004,2024-01-29,Natural Gas,1662.87,4.3839,7289.93,Ghana National Gas Company,Takoradi RMS
FUL00075,PLT005,2024-01-29,Natural Gas,1121.84,4.0494,4542.75,Ghana National Gas Company,Prestea RMS
FUL00076,PLT001,2024-01-31,Natural Gas,2392.24,4.3199,10334.24,Ghana National Gas Company,Prestea RMS
FUL00077,PLT002,2024-01-31,Natural Gas,1500.96,4.2141,6325.14,Ghana National Gas Company,Takoradi RMS
FUL00078,PLT003,2024-01-31,Natural Gas,993.61,3.9798,3954.33,Ghana National Gas Company,Prestea RMS
FUL00079,PLT004,2024-01-31,Natural Gas,1340.94,4.2706,5726.68,Ghana National Gas Company,Takoradi RMS
FUL00080,PLT005,2024-01-31,Natural Gas,1168.18,3.9762,4644.89,Ghana National Gas Company,Prestea RMS
FUL00081,PLT001,2024-02-02,Natural Gas,913.59,4.3049,3932.9,Ghana National Gas Company,Prestea RMS
FUL00082,PLT002,2024-02-02,Natural Gas,1166.31,4.5243,5276.78,Ghana National Gas Company,Takoradi RMS
FUL00083,PLT003,2024-02-02,Natural Gas,2175.42,3.8567,8389.91,Ghana National Gas Company,Prestea RMS
FUL00084,PLT004,2024-02-02,Natural Gas,1180.81,4.3352,5119.03,Ghana National Gas Company,Takoradi RMS
FUL00085,PLT005,2024-02-02,Natural Gas,1142.78,3.9059,4463.53,Ghana National Gas Company,Prestea RMS
FUL00086,PLT001,2024-02-04,Natural Gas,2296.82,4.2568,9777.18,Ghana National Gas Company,Prestea RMS
FUL00087,PLT002,2024-02-04,Natural Gas,1556.27,4.4277,6890.69,Ghana National Gas Company,Takoradi RMS
FUL00088,PLT003,2024-02-04,Natural Gas,2092.0,3.9523,8268.27,Ghana National Gas Company,Prestea RMS
FUL00089,PLT004,2024-02-04,Natural Gas,955.09,4.1448,3958.7,Ghana National Gas Company,Takoradi RMS
FUL00090,PLT005,2024-02-04,Natural Gas,1477.73,4.1736,6167.48,Ghana National Gas Company,Prestea RMS
FUL00091,PLT001,2024-02-06,Natural Gas,1966.52,4.3387,8532.12,Ghana National Gas Company,Prestea RMS
FUL00092,PLT002,2024-02-06,Natural Gas,2374.66,3.8787,9210.68,Ghana National Gas Company,Takoradi RMS
FUL00093,PLT003,2024-02-06,Natural Gas,1444.19,4.0714,5879.94,Ghana National Gas Company,Prestea RMS
FUL00094,PLT004,2024-02-06,Natural Gas,2178.68,3.9989,8712.38,Ghana National Gas Company,Takoradi RMS
FUL00095,PLT005,2024-02-06,Natural Gas,1104.33,4.1589,4592.79,Ghana National Gas Company,Prestea RMS
FUL00096,PLT001,2024-02-08,Natural Gas,1475.01,4.0228,5933.72,Ghana National Gas Company,Prestea RMS
FUL00097,PLT002,2024-02-08,Natural Gas,1199.69,4.5386,5444.93,Ghana National Gas Company,Takoradi RMS
FUL00098,PLT003,2024-02-08,Natural Gas,1509.01,4.4891,6774.07,Ghana National Gas Company,Prestea RMS
FUL00099,PLT004,2024-02-08,Natural Gas,1680.52,3.8405,6453.99,Ghana National Gas Company,Takoradi RMS
FUL00100,PLT005,2024-02-08,Natural Gas,2398.85,4.4688,10720.03,Ghana National Gas Company,Prestea RMS
FUL00101,PLT001,2024-02-10,Natural Gas,2350.39,4.5411,10673.34,Ghana National Gas Company,Prestea RMS
FUL00102,PLT002,2024-02-10,Natural Gas,2157.91,3.9331,8487.17,Ghana National Gas Company,Takoradi RMS
FUL00103,PLT003,2024-02-10,Natural Gas,1577.03,3.971,6262.38,Ghana National Gas Company,Prestea RMS
FUL00104,PLT004,2024-02-10,Natural Gas,1441.66,3.8469,5545.93,Ghana National Gas Company,Takoradi RMS
FUL00105,PLT005,2024-02-10,Natural Gas,1406.36,4.5882,6452.73,Ghana National Gas Company,Prestea RMS
FUL00106,PLT001,2024-02-12,Natural Gas,1224.32,4.4273,5420.38,Ghana National Gas Company,Prestea RMS
FUL00107,PLT002,2024-02-12,Natural Gas,1528.01,4.1384,6323.53,Ghana National Gas Company,Takoradi RMS
FUL00108,PLT003,2024-02-12,Natural Gas,2331.71,4.5963,10717.33,Ghana National Gas Company,Prestea RMS
FUL00109,PLT004,2024-02-12,Natural Gas,1689.23,4.3747,7389.92,Ghana National Gas Company,Takoradi RMS
FUL00110,PLT005,2024-02-12,Natural Gas,1047.67,4.0374,4229.83,Ghana National Gas Company,Prestea RMS
FUL00111,PLT001,2024-02-14,Natural Gas,2349.93,4.2633,10018.56,Ghana National Gas Company,Prestea RMS
FUL00112,PLT002,2024-02-14,Natural Gas,1667.51,4.3984,7334.34,Ghana National Gas Company,Takoradi RMS
FUL00113,PLT003,2024-02-14,Natural Gas,891.46,4.2673,3804.16,Ghana National Gas Company,Prestea RMS
FUL00114,PLT004,2024-02-14,Natural Gas,1604.56,4.4822,7191.92,Ghana National Gas Company,Takoradi RMS
FUL00115,PLT005,2024-02-14,Natural Gas,1051.89,4.5686,4805.69,Ghana National Gas Company,Prestea RMS
FUL00116,PLT001,2024-02-16,Natural Gas,928.18,3.9487,3665.07,Ghana National Gas Company,Prestea RMS
FUL00117,PLT002,2024-02-16,Natural Gas,1752.06,4.3402,7604.24,Ghana National Gas Company,Takoradi RMS
FUL00118,PLT003,2024-02-16,Natural Gas,1176.33,3.8959,4582.87,Ghana National Gas Company,Prestea RMS
FUL00119,PLT004,2024-02-16,Natural Gas,2224.46,3.997,8891.1,Ghana National Gas Company,Takoradi RMS
FUL00120,PLT005,2024-02-16,Natural Gas,1751.23,4.2955,7522.42,Ghana National Gas Company,Prestea RMS
FUL00121,PLT001,2024-02-18,Natural Gas,1470.76,4.2669,6275.64,Ghana National Gas Company,Prestea RMS
FUL00122,PLT002,2024-02-18,Natural Gas,1636.45,4.5478,7442.19,Ghana National Gas Company,Takoradi RMS
FUL00123,PLT003,2024-02-18,Natural Gas,1126.81,4.373,4927.49,Ghana National Gas Company,Prestea RMS
FUL00124,PLT004,2024-02-18,Natural Gas,1181.9,4.1166,4865.44,Ghana National Gas Company,Takoradi RMS
FUL00125,PLT005,2024-02-18,Natural Gas,1874.7,4.04,7573.78,Ghana National Gas Company,Prestea RMS
FUL00126,PLT001,2024-02-20,Natural Gas,1305.88,4.4015,5747.82,Ghana National Gas Company,Prestea RMS
FUL00127,PLT002,2024-02-20,Natural Gas,916.07,4.1666,3816.92,Ghana National Gas Company,Takoradi RMS
FUL00128,PLT003,2024-02-20,Natural Gas,2397.53,4.5969,11021.15,Ghana National Gas Company,Prestea RMS
FUL00129,PLT004,2024-02-20,Natural Gas,917.22,3.9705,3641.84,Ghana National Gas Company,Takoradi RMS
FUL00130,PLT005,2024-02-20,Natural Gas,1224.32,4.5466,5566.5,Ghana National Gas Company,Prestea RMS
FUL00131,PLT001,2024-02-22,Natural Gas,2209.38,4.5034,9949.76,Ghana National Gas Company,Prestea RMS
FUL00132,PLT002,2024-02-22,Natural Gas,1391.24,3.9262,5462.28,Ghana National Gas Company,Takoradi RMS
FUL00133,PLT003,2024-02-22,Natural Gas,2133.99,4.3628,9310.24,Ghana National Gas Company,Prestea RMS
FUL00134,PLT004,2024-02-22,Natural Gas,1778.68,4.5898,8163.76,Ghana National Gas Company,Takoradi RMS
FUL00135,PLT005,2024-02-22,Natural Gas,1846.36,3.8063,7027.72,Ghana National Gas Company,Prestea RMS
FUL00136,PLT001,2024-02-24,Natural Gas,2107.37,4.0395,8512.73,Ghana National Gas Company,Prestea RMS
FUL00137,PLT002,2024-02-24,Natural Gas,1861.42,4.5511,8471.59,Ghana National Gas Company,Takoradi RMS
FUL00138,PLT003,2024-02-24,Natural Gas,1014.87,3.8923,3950.22,Ghana National Gas Company,Prestea RMS
FUL00139,PLT004,2024-02-24,Natural Gas,971.26,4.2426,4120.65,Ghana National Gas Company,Takoradi RMS
FUL00140,PLT005,2024-02-24,Natural Gas,1235.76,4.2839,5293.83,Ghana National Gas Company,Prestea RMS
FUL00141,PLT001,2024-02-26,Natural Gas,1948.18,3.9629,7720.4,Ghana National Gas Company,Prestea RMS
FUL00142,PLT002,2024-02-26,Natural Gas,1814.78,4.0112,7279.42,Ghana National Gas Company,Takoradi RMS
FUL00143,PLT003,2024-02-26,Natural Gas,1581.65,4.5243,7155.81,Ghana National Gas Company,Prestea RMS
FUL00144,PLT004,2024-02-26,Natural Gas,2153.77,3.8738,8343.36,Ghana National Gas Company,Takoradi RMS
FUL00145,PLT005,2024-02-26,Natural Gas,1477.72,4.0213,5942.42,Ghana National Gas Company,Prestea RMS
FUL00146,PLT001,2024-02-28,Natural Gas,805.67,4.4169,3558.56,Ghana National Gas Company,Prestea RMS
FUL00147,PLT002,2024-02-28,Natural Gas,1819.38,4.0096,7294.92,Ghana National Gas Company,Takoradi RMS
FUL00148,PLT003,2024-02-28,Natural Gas,1985.97,4.2413,8423.18,Ghana National Gas Company,Prestea RMS
FUL00149,PLT004,2024-02-28,Natural Gas,1484.3,3.8077,5651.82,Ghana National Gas Company,Takoradi RMS
FUL00150,PLT005,2024-02-28,Natural Gas,920.39,4.5065,4147.72,Ghana National Gas Company,Prestea RMS
FUL00151,PLT001,2024-03-01,Natural Gas,2246.29,4.2365,9516.35,Ghana National Gas Company,Prestea RMS
FUL00152,PLT002,2024-03-01,Natural Gas,2135.35,4.266,9109.42,Ghana National Gas Company,Takoradi RMS
FUL00153,PLT003,2024-03-01,Natural Gas,1036.95,3.902,4046.13,Ghana National Gas Company,Prestea RMS
FUL00154,PLT004,2024-03-01,Natural Gas,1293.21,4.5192,5844.26,Ghana National Gas Company,Takoradi RMS
FUL00155,PLT005,2024-03-01,Natural Gas,2073.8,4.4886,9308.38,Ghana National Gas Company,Prestea RMS
FUL00156,PLT001,2024-03-03,Natural Gas,2238.28,3.9681,8881.63,Ghana National Gas Company,Prestea RMS
FUL00157,PLT002,2024-03-03,Natural Gas,1199.25,3.8822,4655.77,Ghana National Gas Company,Takoradi RMS
FUL00158,PLT003,2024-03-03,Natural Gas,2048.19,4.5073,9231.82,Ghana National Gas Company,Prestea RMS
FUL00159,PLT004,2024-03-03,Natural Gas,1450.2,4.2965,6230.83,Ghana National Gas Company,Takoradi RMS
FUL00160,PLT005,2024-03-03,Natural Gas,1047.29,4.5439,4758.79,Ghana National Gas Company,Prestea RMS
FUL00161,PLT001,2024-03-05,Natural Gas,2183.37,4.581,10001.94,Ghana National Gas Company,Prestea RMS
FUL00162,PLT002,2024-03-05,Natural Gas,2097.23,4.5051,9448.3,Ghana National Gas Company,Takoradi RMS
FUL00163,PLT003,2024-03-05,Natural Gas,839.66,4.3893,3685.48,Ghana National Gas Company,Prestea RMS
FUL00164,PLT004,2024-03-05,Natural Gas,1331.5,4.5447,6051.21,Ghana National Gas Company,Takoradi RMS
FUL00165,PLT005,2024-03-05,Natural Gas,2083.58,4.4913,9357.88,Ghana National Gas Company,Prestea RMS
FUL00166,PLT001,2024-03-07,Natural Gas,2097.2,4.0134,8417.0,Ghana National Gas Company,Prestea RMS
FUL00167,PLT002,2024-03-07,Natural Gas,2059.8,3.8865,8005.36,Ghana National Gas Company,Takoradi RMS
FUL00168,PLT003,2024-03-07,Natural Gas,2195.47,4.4869,9850.8,Ghana National Gas Company,Prestea RMS
FUL00169,PLT004,2024-03-07,Natural Gas,1155.89,4.4533,5147.49,Ghana National Gas Company,Takoradi RMS
FUL00170,PLT005,2024-03-07,Natural Gas,1536.49,4.0442,6213.8,Ghana National Gas Company,Prestea RMS
FUL00171,PLT001,2024-03-09,Natural Gas,2072.55,3.9821,8253.05,Ghana National Gas Company,Prestea RMS
FUL00172,PLT002,2024-03-09,Natural Gas,837.86,3.9545,3313.32,Ghana National Gas Company,Takoradi RMS
FUL00173,PLT003,2024-03-09,Natural Gas,1325.22,4.4915,5952.2,Ghana National Gas Company,Prestea RMS
FUL00174,PLT004,2024-03-09,Natural Gas,2347.02,4.0233,9442.77,Ghana National Gas Company,Takoradi RMS
FUL00175,PLT005,2024-03-09,Natural Gas,1826.37,4.1197,7524.17,Ghana National Gas Company,Prestea RMS
FUL00176,PLT001,2024-03-11,Natural Gas,2369.84,4.229,10021.99,Ghana National Gas Company,Prestea RMS
FUL00177,PLT002,2024-03-11,Natural Gas,2302.78,3.8923,8963.05,Ghana National Gas Company,Takoradi RMS
FUL00178,PLT003,2024-03-11,Natural Gas,2352.64,3.9429,9276.12,Ghana National Gas Company,Prestea RMS
FUL00179,PLT004,2024-03-11,Natural Gas,2340.05,4.0124,9389.15,Ghana National Gas Company,Takoradi RMS
FUL00180,PLT005,2024-03-11,Natural Gas,973.44,4.1477,4037.49,Ghana National Gas Company,Prestea RMS
FUL00181,PLT001,2024-03-13,Natural Gas,1965.67,4.0509,7962.81,Ghana National Gas Company,Prestea RMS
FUL00182,PLT002,2024-03-13,Natural Gas,1769.93,4.2091,7449.88,Ghana National Gas Company,Takoradi RMS
FUL00183,PLT003,2024-03-13,Natural Gas,1416.31,4.2613,6035.28,Ghana National Gas Company,Prestea RMS
FUL00184,PLT004,2024-03-13,Natural Gas,1207.56,4.367,5273.45,Ghana National Gas Company,Takoradi RMS
FUL00185,PLT005,2024-03-13,Natural Gas,802.71,4.5405,3644.67,Ghana National Gas Company,Prestea RMS
FUL00186,PLT001,2024-03-15,Natural Gas,1661.52,4.3755,7270.05,Ghana National Gas Company,Prestea RMS
FUL00187,PLT002,2024-03-15,Natural Gas,1987.12,4.3365,8617.15,Ghana National Gas Company,Takoradi RMS
FUL00188,PLT003,2024-03-15,Natural Gas,1382.75,3.856,5331.86,Ghana National Gas Company,Prestea RMS
FUL00189,PLT004,2024-03-15,Natural Gas,1862.78,4.0642,7570.64,Ghana National Gas Company,Takoradi RMS
FUL00190,PLT005,2024-03-15,Natural Gas,1302.27,4.4784,5832.1,Ghana National Gas Company,Prestea RMS
FUL00191,PLT001,2024-03-17,Natural Gas,1951.61,4.0403,7885.01,Ghana National Gas Company,Prestea RMS
FUL00192,PLT002,2024-03-17,Natural Gas,1294.86,4.1267,5343.52,Ghana National Gas Company,Takoradi RMS
FUL00193,PLT003,2024-03-17,Natural Gas,1443.84,4.0365,5828.1,Ghana National Gas Company,Prestea RMS
FUL00194,PLT004,2024-03-17,Natural Gas,1003.66,4.1364,4151.5,Ghana National Gas Company,Takoradi RMS
FUL00195,PLT005,2024-03-17,Natural Gas,2304.58,4.3419,10006.15,Ghana National Gas Company,Prestea RMS
FUL00196,PLT001,2024-03-19,Natural Gas,2244.49,4.2924,9634.28,Ghana National Gas Company,Prestea RMS
FUL00197,PLT002,2024-03-19,Natural Gas,1281.52,4.2383,5431.53,Ghana National Gas Company,Takoradi RMS
FUL00198,PLT003,2024-03-19,Natural Gas,800.65,4.0295,3226.24,Ghana National Gas Company,Prestea RMS
FUL00199,PLT004,2024-03-19,Natural Gas,1487.82,4.264,6344.05,Ghana National Gas Company,Takoradi RMS
FUL00200,PLT005,2024-03-19,Natural Gas,1847.53,4.172,7707.88,Ghana National Gas Company,Prestea RMS
FUL00201,PLT001,2024-03-21,Natural Gas,1507.46,3.971,5986.07,Ghana National Gas Company,Prestea RMS
FUL00202,PLT002,2024-03-21,Natural Gas,1557.1,4.5209,7039.56,Ghana National Gas Company,Takoradi RMS
FUL00203,PLT003,2024-03-21,Natural Gas,2073.64,3.9358,8161.34,Ghana National Gas Company,Prestea RMS
FUL00204,PLT004,2024-03-21,Natural Gas,935.67,4.2124,3941.38,Ghana National Gas Company,Takoradi RMS
FUL00205,PLT005,2024-03-21,Natural Gas,1812.71,4.0682,7374.38,Ghana National Gas Company,Prestea RMS
FUL00206,PLT001,2024-03-23,Natural Gas,2109.48,4.4009,9283.63,Ghana National Gas Company,Prestea RMS
FUL00207,PLT002,2024-03-23,Natural Gas,1876.47,3.9797,7467.81,Ghana National Gas Company,Takoradi RMS
FUL00208,PLT003,2024-03-23,Natural Gas,1118.61,3.8195,4272.58,Ghana National Gas Company,Prestea RMS
FUL00209,PLT004,2024-03-23,Natural Gas,1191.75,4.1801,4981.64,Ghana National Gas Company,Takoradi RMS
FUL00210,PLT005,2024-03-23,Natural Gas,2159.58,3.8583,8332.23,Ghana National Gas Company,Prestea RMS
FUL00211,PLT001,2024-03-25,Natural Gas,1463.11,4.3038,6296.95,Ghana National Gas Company,Prestea RMS
FUL00212,PLT002,2024-03-25,Natural Gas,1111.1,4.3571,4841.16,Ghana National Gas Company,Takoradi RMS
FUL00213,PLT003,2024-03-25,Natural Gas,1591.0,3.9952,6356.34,Ghana National Gas Company,Prestea RMS
FUL00214,PLT004,2024-03-25,Natural Gas,1849.69,3.8044,7037.03,Ghana National Gas Company,Takoradi RMS
FUL00215,PLT005,2024-03-25,Natural Gas,2001.54,4.416,8838.87,Ghana National Gas Company,Prestea RMS
FUL00216,PLT001,2024-03-27,Natural Gas,970.54,4.1401,4018.15,Ghana National Gas Company,Prestea RMS
FUL00217,PLT002,2024-03-27,Natural Gas,1081.42,4.5664,4938.17,Ghana National Gas Company,Takoradi RMS
FUL00218,PLT003,2024-03-27,Natural Gas,1628.73,3.8402,6254.61,Ghana National Gas Company,Prestea RMS
FUL00219,PLT004,2024-03-27,Natural Gas,1198.72,4.4787,5368.67,Ghana National Gas Company,Takoradi RMS
FUL00220,PLT005,2024-03-27,Natural Gas,1530.34,4.4411,6796.44,Ghana National Gas Company,Prestea RMS
FUL00221,PLT001,2024-03-29,Natural Gas,1868.12,4.5903,8575.26,Ghana National Gas Company,Prestea RMS
FUL00222,PLT002,2024-03-29,Natural Gas,1752.72,4.56,7992.46,Ghana National Gas Company,Takoradi RMS
FUL00223,PLT003,2024-03-29,Natural Gas,2226.28,4.2901,9551.01,Ghana National Gas Company,Prestea RMS
FUL00224,PLT004,2024-03-29,Natural Gas,1950.84,4.2038,8200.99,Ghana National Gas Company,Takoradi RMS
FUL00225,PLT005,2024-03-29,Natural Gas,2128.91,4.2383,9022.95,Ghana National Gas Company,Prestea RMS
FUL00226,PLT001,2024-03-31,Natural Gas,2235.53,4.3949,9824.99,Ghana National Gas Company,Prestea RMS
FUL00227,PLT002,2024-03-31,Natural Gas,1559.48,4.0074,6249.39,Ghana National Gas Company,Takoradi RMS
FUL00228,PLT003,2024-03-31,Natural Gas,1195.58,4.3101,5153.1,Ghana National Gas Company,Prestea RMS
FUL00229,PLT004,2024-03-31,Natural Gas,2025.3,4.217,8540.77,Ghana National Gas Company,Takoradi RMS
FUL00230,PLT005,2024-03-31,Natural Gas,1802.8,4.0197,7246.68,Ghana National Gas Company,Prestea RMS
FUL00231,PLT001,2024-04-02,Natural Gas,923.97,4.0286,3722.29,Ghana National Gas Company,Prestea RMS
FUL00232,PLT002,2024-04-02,Natural Gas,1234.74,4.0558,5007.82,Ghana National Gas Company,Takoradi RMS
FUL00233,PLT003,2024-04-02,Natural Gas,1664.24,3.9107,6508.34,Ghana National Gas Company,Prestea RMS
FUL00234,PLT004,2024-04-02,Natural Gas,1170.02,4.3552,5095.62,Ghana National Gas Company,Takoradi RMS
FUL00235,PLT005,2024-04-02,Natural Gas,1930.27,3.8514,7434.21,Ghana National Gas Company,Prestea RMS
FUL00236,PLT001,2024-04-04,Natural Gas,1452.16,4.2341,6148.57,Ghana National Gas Company,Prestea RMS
FUL00237,PLT002,2024-04-04,Natural Gas,1465.24,3.9655,5810.36,Ghana National Gas Company,Takoradi RMS
FUL00238,PLT003,2024-04-04,Natural Gas,1472.23,4.5239,6660.18,Ghana National Gas Company,Prestea RMS
FUL00239,PLT004,2024-04-04,Natural Gas,1734.53,4.3564,7556.34,Ghana National Gas Company,Takoradi RMS
FUL00240,PLT005,2024-04-04,Natural Gas,2170.77,4.4125,9578.47,Ghana National Gas Company,Prestea RMS
FUL00241,PLT001,2024-04-06,Natural Gas,1408.61,3.8047,5359.36,Ghana National Gas Company,Prestea RMS
FUL00242,PLT002,2024-04-06,Natural Gas,1362.81,4.4028,6000.15,Ghana National Gas Company,Takoradi RMS
FUL00243,PLT003,2024-04-06,Natural Gas,2165.52,4.5627,9880.71,Ghana National Gas Company,Prestea RMS
FUL00244,PLT004,2024-04-06,Natural Gas,1470.43,4.398,6466.97,Ghana National Gas Company,Takoradi RMS
FUL00245,PLT005,2024-04-06,Natural Gas,1673.81,4.2826,7168.26,Ghana National Gas Company,Prestea RMS
FUL00246,PLT001,2024-04-08,Natural Gas,1152.86,3.9755,4583.24,Ghana National Gas Company,Prestea RMS
FUL00247,PLT002,2024-04-08,Natural Gas,1497.34,3.8232,5724.66,Ghana National Gas Company,Takoradi RMS
FUL00248,PLT003,2024-04-08,Natural Gas,1337.81,4.3433,5810.53,Ghana National Gas Company,Prestea RMS
FUL00249,PLT004,2024-04-08,Natural Gas,1446.91,3.932,5689.3,Ghana National Gas Company,Takoradi RMS
FUL00250,PLT005,2024-04-08,Natural Gas,1547.82,3.9021,6039.75,Ghana National Gas Company,Prestea RMS
FUL00251,PLT001,2024-04-10,Natural Gas,1795.61,3.8216,6862.05,Ghana National Gas Company,Prestea RMS
FUL00252,PLT002,2024-04-10,Natural Gas,1430.43,4.2515,6081.49,Ghana National Gas Company,Takoradi RMS
FUL00253,PLT003,2024-04-10,Natural Gas,843.36,4.3142,3638.42,Ghana National Gas Company,Prestea RMS
FUL00254,PLT004,2024-04-10,Natural Gas,1017.12,4.1694,4240.74,Ghana National Gas Company,Takoradi RMS
FUL00255,PLT005,2024-04-10,Natural Gas,880.46,4.1033,3612.78,Ghana National Gas Company,Prestea RMS
FUL00256,PLT001,2024-04-12,Natural Gas,1138.66,4.0615,4624.64,Ghana National Gas Company,Prestea RMS
FUL00257,PLT002,2024-04-12,Natural Gas,2017.97,4.1033,8280.34,Ghana National Gas Company,Takoradi RMS
FUL00258,PLT003,2024-04-12,Natural Gas,2003.22,4.4655,8945.46,Ghana National Gas Company,Prestea RMS
FUL00259,PLT004,2024-04-12,Natural Gas,1203.63,3.8655,4652.66,Ghana National Gas Company,Takoradi RMS
FUL00260,PLT005,2024-04-12,Natural Gas,831.01,4.2315,3516.45,Ghana National Gas Company,Prestea RMS
FUL00261,PLT001,2024-04-14,Natural Gas,2399.85,4.08,9791.31,Ghana National Gas Company,Prestea RMS
FUL00262,PLT002,2024-04-14,Natural Gas,1840.23,4.425,8142.99,Ghana National Gas Company,Takoradi RMS
FUL00263,PLT003,2024-04-14,Natural Gas,1842.81,4.4034,8114.6,Ghana National Gas Company,Prestea RMS
FUL00264,PLT004,2024-04-14,Natural Gas,2319.38,3.9595,9183.56,Ghana National Gas Company,Takoradi RMS
FUL00265,PLT005,2024-04-14,Natural Gas,832.61,3.9219,3265.42,Ghana National Gas Company,Prestea RMS
FUL00266,PLT001,2024-04-16,Natural Gas,1001.95,4.3356,4344.02,Ghana National Gas Company,Prestea RMS
FUL00267,PLT002,2024-04-16,Natural Gas,1702.35,3.9744,6765.77,Ghana National Gas Company,Takoradi RMS
FUL00268,PLT003,2024-04-16,Natural Gas,1919.14,4.4135,8470.16,Ghana National Gas Company,Prestea RMS
FUL00269,PLT004,2024-04-16,Natural Gas,1068.46,4.2858,4579.2,Ghana National Gas Company,Takoradi RMS
FUL00270,PLT005,2024-04-16,Natural Gas,1996.68,3.8916,7770.33,Ghana National Gas Company,Prestea RMS
FUL00271,PLT001,2024-04-18,Natural Gas,2110.88,4.5718,9650.47,Ghana National Gas Company,Prestea RMS
FUL00272,PLT002,2024-04-18,Natural Gas,972.96,3.8205,3717.24,Ghana National Gas Company,Takoradi RMS
FUL00273,PLT003,2024-04-18,Natural Gas,1299.13,4.3419,5640.66,Ghana National Gas Company,Prestea RMS
FUL00274,PLT004,2024-04-18,Natural Gas,2333.08,4.1173,9606.05,Ghana National Gas Company,Takoradi RMS
FUL00275,PLT005,2024-04-18,Natural Gas,1944.02,3.8608,7505.47,Ghana National Gas Company,Prestea RMS
FUL00276,PLT001,2024-04-20,Natural Gas,1904.98,4.3018,8194.83,Ghana National Gas Company,Prestea RMS
FUL00277,PLT002,2024-04-20,Natural Gas,963.04,4.418,4254.7,Ghana National Gas Company,Takoradi RMS
FUL00278,PLT003,2024-04-20,Natural Gas,2160.47,4.2803,9247.52,Ghana National Gas Company,Prestea RMS
FUL00279,PLT004,2024-04-20,Natural Gas,993.69,4.5871,4558.13,Ghana National Gas Company,Takoradi RMS
FUL00280,PLT005,2024-04-20,Natural Gas,2052.22,4.0778,8368.47,Ghana National Gas Company,Prestea RMS
FUL00281,PLT001,2024-04-22,Natural Gas,1485.4,4.0965,6084.88,Ghana National Gas Company,Prestea RMS
FUL00282,PLT002,2024-04-22,Natural Gas,1609.54,4.073,6555.63,Ghana National Gas Company,Takoradi RMS
FUL00283,PLT003,2024-04-22,Natural Gas,2159.32,4.4579,9625.96,Ghana National Gas Company,Prestea RMS
FUL00284,PLT004,2024-04-22,Natural Gas,968.86,4.5686,4426.36,Ghana National Gas Company,Takoradi RMS
FUL00285,PLT005,2024-04-22,Natural Gas,1816.94,4.463,8108.94,Ghana National Gas Company,Prestea RMS
FUL00286,PLT001,2024-04-24,Natural Gas,1931.69,4.1484,8013.4,Ghana National Gas Company,Prestea RMS
FUL00287,PLT002,2024-04-24,Natural Gas,1974.07,4.5724,9026.2,Ghana National Gas Company,Takoradi RMS
FUL00288,PLT003,2024-04-24,Natural Gas,1232.13,4.4466,5478.74,Ghana National Gas Company,Prestea RMS
FUL00289,PLT004,2024-04-24,Natural Gas,1661.08,4.1868,6954.61,Ghana National Gas Company,Takoradi RMS
FUL00290,PLT005,2024-04-24,Natural Gas,1496.92,4.3848,6563.73,Ghana National Gas Company,Prestea RMS
FUL00291,PLT001,2024-04-26,Natural Gas,1229.43,4.4814,5509.53,Ghana National Gas Company,Prestea RMS
FUL00292,PLT002,2024-04-26,Natural Gas,2129.17,3.8693,8238.46,Ghana National Gas Company,Takoradi RMS
FUL00293,PLT003,2024-04-26,Natural Gas,2210.61,3.9951,8831.59,Ghana National Gas Company,Prestea RMS
FUL00294,PLT004,2024-04-26,Natural Gas,1543.53,4.2883,6619.07,Ghana National Gas Company,Takoradi RMS
FUL00295,PLT005,2024-04-26,Natural Gas,1406.38,3.823,5376.53,Ghana National Gas Company,Prestea RMS
FUL00296,PLT001,2024-04-28,Natural Gas,2161.52,3.9455,8528.22,Ghana National Gas Company,Prestea RMS
FUL00297,PLT002,2024-04-28,Natural Gas,1139.39,4.4383,5056.92,Ghana National Gas Company,Takoradi RMS
FUL00298,PLT003,2024-04-28,Natural Gas,1344.54,4.5043,6056.15,Ghana National Gas Company,Prestea RMS
FUL00299,PLT004,2024-04-28,Natural Gas,1921.89,4.021,7727.95,Ghana National Gas Company,Takoradi RMS
FUL00300,PLT005,2024-04-28,Natural Gas,816.24,4.5585,3720.79,Ghana National Gas Company,Prestea RMS
FUL00301,PLT001,2024-04-30,Natural Gas,936.98,4.3761,4100.28,Ghana National Gas Company,Prestea RMS
FUL00302,PLT002,2024-04-30,Natural Gas,1581.72,4.4065,6969.9,Ghana National Gas Company,Takoradi RMS
FUL00303,PLT003,2024-04-30,Natural Gas,1904.97,4.3167,8223.23,Ghana National Gas Company,Prestea RMS
FUL00304,PLT004,2024-04-30,Natural Gas,1585.31,4.4343,7029.81,Ghana National Gas Company,Takoradi RMS
FUL00305,PLT005,2024-04-30,Natural Gas,948.89,3.9773,3774.0,Ghana National Gas Company,Prestea RMS
FUL00306,PLT001,2024-05-02,Natural Gas,1906.86,4.045,7713.18,Ghana National Gas Company,Prestea RMS
FUL00307,PLT002,2024-05-02,Natural Gas,1730.49,4.1786,7231.04,Ghana National Gas Company,Takoradi RMS
FUL00308,PLT003,2024-05-02,Natural Gas,1649.48,4.1404,6829.51,Ghana National Gas Company,Prestea RMS
FUL00309,PLT004,2024-05-02,Natural Gas,1993.5,4.0646,8102.85,Ghana National Gas Company,Takoradi RMS
FUL00310,PLT005,2024-05-02,Natural Gas,1924.57,4.0167,7730.48,Ghana National Gas Company,Prestea RMS
FUL00311,PLT001,2024-05-04,Natural Gas,1202.25,3.8965,4684.6,Ghana National Gas Company,Prestea RMS
FUL00312,PLT002,2024-05-04,Natural Gas,1108.13,3.8956,4316.88,Ghana National Gas Company,Takoradi RMS
FUL00313,PLT003,2024-05-04,Natural Gas,1657.38,4.4097,7308.63,Ghana National Gas Company,Prestea RMS
FUL00314,PLT004,2024-05-04,Natural Gas,1096.24,3.9731,4355.48,Ghana National Gas Company,Takoradi RMS
FUL00315,PLT005,2024-05-04,Natural Gas,1574.72,4.3797,6896.75,Ghana National Gas Company,Prestea RMS
FUL00316,PLT001,2024-05-06,Natural Gas,2362.57,4.2197,9969.36,Ghana National Gas Company,Prestea RMS
FUL00317,PLT002,2024-05-06,Natural Gas,1252.8,3.8804,4861.39,Ghana National Gas Company,Takoradi RMS
FUL00318,PLT003,2024-05-06,Natural Gas,1110.59,3.982,4422.35,Ghana National Gas Company,Prestea RMS
FUL00319,PLT004,2024-05-06,Natural Gas,1087.11,3.8113,4143.32,Ghana National Gas Company,Takoradi RMS
FUL00320,PLT005,2024-05-06,Natural Gas,1654.62,4.0194,6650.66,Ghana National Gas Company,Prestea RMS
FUL00321,PLT001,2024-05-08,Natural Gas,2358.87,4.2427,10007.95,Ghana National Gas Company,Prestea RMS
FUL00322,PLT002,2024-05-08,Natural Gas,1915.87,3.901,7473.85,Ghana National Gas Company,Takoradi RMS
FUL00323,PLT003,2024-05-08,Natural Gas,2189.54,4.1927,9180.09,Ghana National Gas Company,Prestea RMS
FUL00324,PLT004,2024-05-08,Natural Gas,2196.35,4.2593,9354.81,Ghana National Gas Company,Takoradi RMS
FUL00325,PLT005,2024-05-08,Natural Gas,1551.04,4.1524,6440.5,Ghana National Gas Company,Prestea RMS
FUL00326,PLT001,2024-05-10,Natural Gas,1094.98,3.8411,4205.93,Ghana National Gas Company,Prestea RMS
FUL00327,PLT002,2024-05-10,Natural Gas,2305.7,4.1822,9642.86,Ghana National Gas Company,Takoradi RMS
FUL00328,PLT003,2024-05-10,Natural Gas,2115.39,4.1206,8716.6,Ghana National Gas Company,Prestea RMS
FUL00329,PLT004,2024-05-10,Natural Gas,918.53,4.3036,3952.95,Ghana National Gas Company,Takoradi RMS
FUL00330,PLT005,2024-05-10,Natural Gas,885.77,3.9194,3471.65,Ghana National Gas Company,Prestea RMS
FUL00331,PLT001,2024-05-12,Natural Gas,1700.54,4.0431,6875.4,Ghana National Gas Company,Prestea RMS
FUL00332,PLT002,2024-05-12,Natural Gas,2390.27,3.8948,9309.53,Ghana National Gas Company,Takoradi RMS
FUL00333,PLT003,2024-05-12,Natural Gas,2023.11,4.2851,8669.14,Ghana National Gas Company,Prestea RMS
FUL00334,PLT004,2024-05-12,Natural Gas,2065.19,3.9805,8220.59,Ghana National Gas Company,Takoradi RMS
FUL00335,PLT005,2024-05-12,Natural Gas,1636.12,4.1604,6806.93,Ghana National Gas Company,Prestea RMS
FUL00336,PLT001,2024-05-14,Natural Gas,1508.35,4.4881,6769.68,Ghana National Gas Company,Prestea RMS
FUL00337,PLT002,2024-05-14,Natural Gas,2384.05,4.0443,9641.82,Ghana National Gas Company,Takoradi RMS
FUL00338,PLT003,2024-05-14,Natural Gas,1793.64,4.2877,7690.6,Ghana National Gas Company,Prestea RMS
FUL00339,PLT004,2024-05-14,Natural Gas,1984.14,4.5581,9043.85,Ghana National Gas Company,Takoradi RMS
FUL00340,PLT005,2024-05-14,Natural Gas,1132.46,3.9688,4494.53,Ghana National Gas Company,Prestea RMS
FUL00341,PLT001,2024-05-16,Natural Gas,1856.69,3.9256,7288.71,Ghana National Gas Company,Prestea RMS
FUL00342,PLT002,2024-05-16,Natural Gas,1078.1,3.8601,4161.52,Ghana National Gas Company,Takoradi RMS
FUL00343,PLT003,2024-05-16,Natural Gas,804.28,4.1604,3346.13,Ghana National Gas Company,Prestea RMS
FUL00344,PLT004,2024-05-16,Natural Gas,1750.1,4.033,7058.17,Ghana National Gas Company,Takoradi RMS
FUL00345,PLT005,2024-05-16,Natural Gas,1170.36,4.3656,5109.28,Ghana National Gas Company,Prestea RMS
FUL00346,PLT001,2024-05-18,Natural Gas,1924.78,4.1632,8013.29,Ghana National Gas Company,Prestea RMS
FUL00347,PLT002,2024-05-18,Natural Gas,1899.82,4.5391,8623.53,Ghana National Gas Company,Takoradi RMS
FUL00348,PLT003,2024-05-18,Natural Gas,2060.52,4.3,8860.33,Ghana National Gas Company,Prestea RMS
FUL00349,PLT004,2024-05-18,Natural Gas,1857.89,4.5469,8447.7,Ghana National Gas Company,Takoradi RMS
FUL00350,PLT005,2024-05-18,Natural Gas,1480.22,4.2356,6269.69,Ghana National Gas Company,Prestea RMS
FUL00351,PLT001,2024-05-20,Natural Gas,1836.22,4.5267,8312.07,Ghana National Gas Company,Prestea RMS
FUL00352,PLT002,2024-05-20,Natural Gas,2122.61,3.8571,8187.18,Ghana National Gas Company,Takoradi RMS
FUL00353,PLT003,2024-05-20,Natural Gas,1065.48,4.0461,4311.03,Ghana National Gas Company,Prestea RMS
FUL00354,PLT004,2024-05-20,Natural Gas,1998.33,4.2554,8503.62,Ghana National Gas Company,Takoradi RMS
FUL00355,PLT005,2024-05-20,Natural Gas,1261.78,3.8995,4920.29,Ghana National Gas Company,Prestea RMS
FUL00356,PLT001,2024-05-22,Natural Gas,1901.88,4.3598,8291.79,Ghana National Gas Company,Prestea RMS
FUL00357,PLT002,2024-05-22,Natural Gas,2308.28,4.2004,9695.65,Ghana National Gas Company,Takoradi RMS
FUL00358,PLT003,2024-05-22,Natural Gas,1590.07,3.8644,6144.59,Ghana National Gas Company,Prestea RMS
FUL00359,PLT004,2024-05-22,Natural Gas,863.78,4.1456,3580.91,Ghana National Gas Company,Takoradi RMS
FUL00360,PLT005,2024-05-22,Natural Gas,1315.71,4.0003,5263.23,Ghana National Gas Company,Prestea RMS
FUL00361,PLT001,2024-05-24,Natural Gas,946.12,4.5695,4323.32,Ghana National Gas Company,Prestea RMS
FUL00362,PLT002,2024-05-24,Natural Gas,2137.53,4.2602,9106.22,Ghana National Gas Company,Takoradi RMS
FUL00363,PLT003,2024-05-24,Natural Gas,2321.26,4.5997,10677.0,Ghana National Gas Company,Prestea RMS
FUL00364,PLT004,2024-05-24,Natural Gas,1875.65,4.0156,7531.88,Ghana National Gas Company,Takoradi RMS
FUL00365,PLT005,2024-05-24,Natural Gas,864.37,4.405,3807.56,Ghana National Gas Company,Prestea RMS
FUL00366,PLT001,2024-05-26,Natural Gas,1552.8,4.3212,6709.97,Ghana National Gas Company,Prestea RMS
FUL00367,PLT002,2024-05-26,Natural Gas,2265.72,3.9452,8938.7,Ghana National Gas Company,Takoradi RMS
FUL00368,PLT003,2024-05-26,Natural Gas,1736.53,4.3078,7480.67,Ghana National Gas Company,Prestea RMS
FUL00369,PLT004,2024-05-26,Natural Gas,1586.76,3.873,6145.51,Ghana National Gas Company,Takoradi RMS
FUL00370,PLT005,2024-05-26,Natural Gas,1356.74,4.0666,5517.38,Ghana National Gas Company,Prestea RMS
FUL00371,PLT001,2024-05-28,Natural Gas,1872.21,4.4862,8399.08,Ghana National Gas Company,Prestea RMS
FUL00372,PLT002,2024-05-28,Natural Gas,1327.69,4.3549,5782.01,Ghana National Gas Company,Takoradi RMS
FUL00373,PLT003,2024-05-28,Natural Gas,1261.15,4.5562,5745.99,Ghana National Gas Company,Prestea RMS
FUL00374,PLT004,2024-05-28,Natural Gas,2101.71,4.2401,8911.41,Ghana National Gas Company,Takoradi RMS
FUL00375,PLT005,2024-05-28,Natural Gas,1527.72,4.0516,6189.73,Ghana National Gas Company,Prestea RMS
FUL00376,PLT001,2024-05-30,Natural Gas,1317.24,4.5761,6027.88,Ghana National Gas Company,Prestea RMS
FUL00377,PLT002,2024-05-30,Natural Gas,1446.68,4.2117,6092.95,Ghana National Gas Company,Takoradi RMS
FUL00378,PLT003,2024-05-30,Natural Gas,2380.99,4.3261,10300.47,Ghana National Gas Company,Prestea RMS
FUL00379,PLT004,2024-05-30,Natural Gas,1668.15,4.1306,6890.46,Ghana National Gas Company,Takoradi RMS
FUL00380,PLT005,2024-05-30,Natural Gas,1100.13,4.0894,4498.9,Ghana National Gas Company,Prestea RMS
FUL00381,PLT001,2024-06-01,Natural Gas,2010.31,4.3003,8644.99,Ghana National Gas Company,Prestea RMS
FUL00382,PLT002,2024-06-01,Natural Gas,2015.98,3.9628,7989.02,Ghana National Gas Company,Takoradi RMS
FUL00383,PLT003,2024-06-01,Natural Gas,1678.75,4.5421,7625.11,Ghana National Gas Company,Prestea RMS
FUL00384,PLT004,2024-06-01,Natural Gas,1500.99,4.3586,6542.22,Ghana National Gas Company,Takoradi RMS
FUL00385,PLT005,2024-06-01,Natural Gas,994.28,4.5785,4552.33,Ghana National Gas Company,Prestea RMS
FUL00386,PLT001,2024-06-03,Natural Gas,1774.19,3.9914,7081.57,Ghana National Gas Company,Prestea RMS
FUL00387,PLT002,2024-06-03,Natural Gas,1053.41,4.2407,4467.17,Ghana National Gas Company,Takoradi RMS
FUL00388,PLT003,2024-06-03,Natural Gas,1683.6,3.8746,6523.22,Ghana National Gas Company,Prestea RMS
FUL00389,PLT004,2024-06-03,Natural Gas,2387.61,4.5303,10816.69,Ghana National Gas Company,Takoradi RMS
FUL00390,PLT005,2024-06-03,Natural Gas,1538.32,3.894,5990.18,Ghana National Gas Company,Prestea RMS
FUL00391,PLT001,2024-06-05,Natural Gas,2131.43,4.1987,8949.24,Ghana National Gas Company,Prestea RMS
FUL00392,PLT002,2024-06-05,Natural Gas,1946.57,4.2071,8189.41,Ghana National Gas Company,Takoradi RMS
FUL00393,PLT003,2024-06-05,Natural Gas,1237.48,4.4678,5528.79,Ghana National Gas Company,Prestea RMS
FUL00394,PLT004,2024-06-05,Natural Gas,2368.39,3.995,9461.68,Ghana National Gas Company,Takoradi RMS
FUL00395,PLT005,2024-06-05,Natural Gas,1682.02,4.1069,6907.84,Ghana National Gas Company,Prestea RMS
FUL00396,PLT001,2024-06-07,Natural Gas,2274.99,4.2066,9569.96,Ghana National Gas Company,Prestea RMS
FUL00397,PLT002,2024-06-07,Natural Gas,2206.92,4.4912,9911.77,Ghana National Gas Company,Takoradi RMS
FUL00398,PLT003,2024-06-07,Natural Gas,1242.0,4.432,5504.55,Ghana National Gas Company,Prestea RMS
FUL00399,PLT004,2024-06-07,Natural Gas,1463.91,4.5474,6656.98,Ghana National Gas Company,Takoradi RMS
FUL00400,PLT005,2024-06-07,Natural Gas,1612.38,4.4564,7185.47,Ghana National Gas Company,Prestea RMS
FUL00401,PLT001,2024-06-09,Natural Gas,1252.54,4.0388,5058.81,Ghana National Gas Company,Prestea RMS
FUL00402,PLT002,2024-06-09,Natural Gas,1739.1,4.5991,7998.33,Ghana National Gas Company,Takoradi RMS
FUL00403,PLT003,2024-06-09,Natural Gas,1583.42,3.9189,6205.23,Ghana National Gas Company,Prestea RMS
FUL00404,PLT004,2024-06-09,Natural Gas,1661.73,4.0761,6773.38,Ghana National Gas Company,Takoradi RMS
FUL00405,PLT005,2024-06-09,Natural Gas,1683.07,4.2347,7127.37,Ghana National Gas Company,Prestea RMS
FUL00406,PLT001,2024-06-11,Natural Gas,1528.55,4.0574,6201.97,Ghana National Gas Company,Prestea RMS
FUL00407,PLT002,2024-06-11,Natural Gas,1101.84,4.358,4801.82,Ghana National Gas Company,Takoradi RMS
FUL00408,PLT003,2024-06-11,Natural Gas,1714.88,3.9869,6836.97,Ghana National Gas Company,Prestea RMS
FUL00409,PLT004,2024-06-11,Natural Gas,2040.87,3.8349,7826.57,Ghana National Gas Company,Takoradi RMS
FUL00410,PLT005,2024-06-11,Natural Gas,1991.53,4.3642,8691.4,Ghana National Gas Company,Prestea RMS
FUL00411,PLT001,2024-06-13,Natural Gas,2098.25,4.1089,8621.42,Ghana National Gas Company,Prestea RMS
FUL00412,PLT002,2024-06-13,Natural Gas,1861.9,4.4566,8297.74,Ghana National Gas Company,Takoradi RMS
FUL00413,PLT003,2024-06-13,Natural Gas,2369.31,4.1963,9942.25,Ghana National Gas Company,Prestea RMS
FUL00414,PLT004,2024-06-13,Natural Gas,859.23,4.2018,3610.34,Ghana National Gas Company,Takoradi RMS
FUL00415,PLT005,2024-06-13,Natural Gas,1744.29,4.4958,7841.91,Ghana National Gas Company,Prestea RMS
FUL00416,PLT001,2024-06-15,Natural Gas,2198.7,4.1522,9129.54,Ghana National Gas Company,Prestea RMS
FUL00417,PLT002,2024-06-15,Natural Gas,1641.52,4.1655,6837.82,Ghana National Gas Company,Takoradi RMS
FUL00418,PLT003,2024-06-15,Natural Gas,1955.91,4.128,8073.96,Ghana National Gas Company,Prestea RMS
FUL00419,PLT004,2024-06-15,Natural Gas,1847.65,3.9235,7249.23,Ghana National Gas Company,Takoradi RMS
FUL00420,PLT005,2024-06-15,Natural Gas,1551.18,4.5754,7097.21,Ghana National Gas Company,Prestea RMS
FUL00421,PLT001,2024-06-17,Natural Gas,1341.7,4.3542,5841.98,Ghana National Gas Company,Prestea RMS
FUL00422,PLT002,2024-06-17,Natural Gas,1839.74,4.4814,8244.63,Ghana National Gas Company,Takoradi RMS
FUL00423,PLT003,2024-06-17,Natural Gas,2163.75,4.4875,9709.77,Ghana National Gas Company,Prestea RMS
FUL00424,PLT004,2024-06-17,Natural Gas,1408.02,4.0533,5707.17,Ghana National Gas Company,Takoradi RMS
FUL00425,PLT005,2024-06-17,Natural Gas,1949.95,4.4075,8594.45,Ghana National Gas Company,Prestea RMS
FUL00426,PLT001,2024-06-19,Natural Gas,2195.81,3.8287,8407.14,Ghana National Gas Company,Prestea RMS
FUL00427,PLT002,2024-06-19,Natural Gas,909.47,4.3049,3915.2,Ghana National Gas Company,Takoradi RMS
FUL00428,PLT003,2024-06-19,Natural Gas,2273.49,4.5979,10453.37,Ghana National Gas Company,Prestea RMS
FUL00429,PLT004,2024-06-19,Natural Gas,1994.83,4.1472,8272.91,Ghana National Gas Company,Takoradi RMS
FUL00430,PLT005,2024-06-19,Natural Gas,957.51,4.307,4123.99,Ghana National Gas Company,Prestea RMS
FUL00431,PLT001,2024-06-21,Natural Gas,2196.13,4.1549,9124.79,Ghana National Gas Company,Prestea RMS
FUL00432,PLT002,2024-06-21,Natural Gas,1910.4,4.5227,8640.24,Ghana National Gas Company,Takoradi RMS
FUL00433,PLT003,2024-06-21,Natural Gas,873.59,4.4369,3876.04,Ghana National Gas Company,Prestea RMS
FUL00434,PLT004,2024-06-21,Natural Gas,1269.39,4.0999,5204.34,Ghana National Gas Company,Takoradi RMS
FUL00435,PLT005,2024-06-21,Natural Gas,1032.91,4.2249,4363.98,Ghana National Gas Company,Prestea RMS
FUL00436,PLT001,2024-06-23,Natural Gas,1705.48,4.434,7562.12,Ghana National Gas Company,Prestea RMS
FUL00437,PLT002,2024-06-23,Natural Gas,1071.97,3.8632,4141.21,Ghana National Gas Company,Takoradi RMS
FUL00438,PLT003,2024-06-23,Natural Gas,2193.34,4.2958,9422.08,Ghana National Gas Company,Prestea RMS
FUL00439,PLT004,2024-06-23,Natural Gas,1185.33,4.5303,5369.86,Ghana National Gas Company,Takoradi RMS
FUL00440,PLT005,2024-06-23,Natural Gas,1028.99,4.1689,4289.78,Ghana National Gas Company,Prestea RMS
FUL00441,PLT001,2024-06-25,Natural Gas,1206.36,4.0043,4830.58,Ghana National Gas Company,Prestea RMS
FUL00442,PLT002,2024-06-25,Natural Gas,815.04,4.4437,3621.8,Ghana National Gas Company,Takoradi RMS
FUL00443,PLT003,2024-06-25,Natural Gas,2241.94,4.3421,9734.7,Ghana National Gas Company,Prestea RMS
FUL00444,PLT004,2024-06-25,Natural Gas,1052.76,4.1534,4372.52,Ghana National Gas Company,Takoradi RMS
FUL00445,PLT005,2024-06-25,Natural Gas,1352.9,4.2701,5776.96,Ghana National Gas Company,Prestea RMS
FUL00446,PLT001,2024-06-27,Natural Gas,1822.3,4.1394,7543.31,Ghana National Gas Company,Prestea RMS
FUL00447,PLT002,2024-06-27,Natural Gas,1200.16,4.4762,5372.21,Ghana National Gas Company,Takoradi RMS
FUL00448,PLT003,2024-06-27,Natural Gas,1118.75,4.1078,4595.55,Ghana National Gas Company,Prestea RMS
FUL00449,PLT004,2024-06-27,Natural Gas,1573.13,3.9898,6276.42,Ghana National Gas Company,Takoradi RMS
FUL00450,PLT005,2024-06-27,Natural Gas,1715.08,4.2598,7305.98,Ghana National Gas Company,Prestea RMS
FUL00451,PLT001,2024-06-29,Natural Gas,2388.31,4.0362,9639.66,Ghana National Gas Company,Prestea RMS
FUL00452,PLT002,2024-06-29,Natural Gas,2364.71,4.3266,10231.12,Ghana National Gas Company,Takoradi RMS
FUL00453,PLT003,2024-06-29,Natural Gas,1239.17,4.2527,5269.87,Ghana National Gas Company,Prestea RMS
FUL00454,PLT004,2024-06-29,Natural Gas,1897.28,4.3957,8339.94,Ghana National Gas Company,Takoradi RMS
FUL00455,PLT005,2024-06-29,Natural Gas,878.47,4.2851,3764.35,Ghana National Gas Company,Prestea RMS
FUL00456,PLT001,2024-07-01,Natural Gas,1594.76,4.5233,7213.62,Ghana National Gas Company,Prestea RMS
FUL00457,PLT002,2024-07-01,Natural Gas,1257.91,4.4391,5583.97,Ghana National Gas Company,Takoradi RMS
FUL00458,PLT003,2024-07-01,Natural Gas,1771.3,4.0819,7230.19,Ghana National Gas Company,Prestea RMS
FUL00459,PLT004,2024-07-01,Natural Gas,1818.59,4.2967,7813.96,Ghana National Gas Company,Takoradi RMS
FUL00460,PLT005,2024-07-01,Natural Gas,1884.42,4.3767,8247.62,Ghana National Gas Company,Prestea RMS
FUL00461,PLT001,2024-07-03,Natural Gas,1854.69,4.4707,8291.71,Ghana National Gas Company,Prestea RMS
FUL00462,PLT002,2024-07-03,Natural Gas,1805.2,4.5227,8164.42,Ghana National Gas Company,Takoradi RMS
FUL00463,PLT003,2024-07-03,Natural Gas,1834.14,4.0471,7423.03,Ghana National Gas Company,Prestea RMS
FUL00464,PLT004,2024-07-03,Natural Gas,1505.32,4.2637,6418.17,Ghana National Gas Company,Takoradi RMS
FUL00465,PLT005,2024-07-03,Natural Gas,1971.78,3.8721,7634.94,Ghana National Gas Company,Prestea RMS
FUL00466,PLT001,2024-07-05,Natural Gas,1272.18,4.398,5595.03,Ghana National Gas Company,Prestea RMS
FUL00467,PLT002,2024-07-05,Natural Gas,1081.02,3.9057,4222.17,Ghana National Gas Company,Takoradi RMS
FUL00468,PLT003,2024-07-05,Natural Gas,1663.05,4.5772,7612.1,Ghana National Gas Company,Prestea RMS
FUL00469,PLT004,2024-07-05,Natural Gas,1649.36,4.5308,7472.9,Ghana National Gas Company,Takoradi RMS
FUL00470,PLT005,2024-07-05,Natural Gas,2128.76,4.0056,8526.91,Ghana National Gas Company,Prestea RMS
FUL00471,PLT001,2024-07-07,Natural Gas,2119.5,4.1855,8871.12,Ghana National Gas Company,Prestea RMS
FUL00472,PLT002,2024-07-07,Natural Gas,2090.38,4.3972,9191.92,Ghana National Gas Company,Takoradi RMS
FUL00473,PLT003,2024-07-07,Natural Gas,1341.94,3.8921,5223.01,Ghana National Gas Company,Prestea RMS
FUL00474,PLT004,2024-07-07,Natural Gas,2340.63,3.9126,9157.96,Ghana National Gas Company,Takoradi RMS
FUL00475,PLT005,2024-07-07,Natural Gas,2346.4,4.4881,10530.91,Ghana National Gas Company,Prestea RMS
FUL00476,PLT001,2024-07-09,Natural Gas,1958.75,4.584,8978.82,Ghana National Gas Company,Prestea RMS
FUL00477,PLT002,2024-07-09,Natural Gas,2347.63,4.4437,10432.09,Ghana National Gas Company,Takoradi RMS
FUL00478,PLT003,2024-07-09,Natural Gas,1385.24,4.4325,6140.14,Ghana National Gas Company,Prestea RMS
FUL00479,PLT004,2024-07-09,Natural Gas,822.27,4.2293,3477.59,Ghana National Gas Company,Takoradi RMS
FUL00480,PLT005,2024-07-09,Natural Gas,1527.66,4.3383,6627.39,Ghana National Gas Company,Prestea RMS
FUL00481,PLT001,2024-07-11,Natural Gas,1875.75,4.2676,8005.04,Ghana National Gas Company,Prestea RMS
FUL00482,PLT002,2024-07-11,Natural Gas,2115.87,4.5522,9631.93,Ghana National Gas Company,Takoradi RMS
FUL00483,PLT003,2024-07-11,Natural Gas,973.35,3.9871,3880.8,Ghana National Gas Company,Prestea RMS
FUL00484,PLT004,2024-07-11,Natural Gas,840.04,4.5074,3786.39,Ghana National Gas Company,Takoradi RMS
FUL00485,PLT005,2024-07-11,Natural Gas,1698.25,4.5322,7696.82,Ghana National Gas Company,Prestea RMS
FUL00486,PLT001,2024-07-13,Natural Gas,1154.19,3.8506,4444.29,Ghana National Gas Company,Prestea RMS
FUL00487,PLT002,2024-07-13,Natural Gas,2118.17,4.5275,9590.04,Ghana National Gas Company,Takoradi RMS
FUL00488,PLT003,2024-07-13,Natural Gas,1283.5,4.1266,5296.54,Ghana National Gas Company,Prestea RMS
FUL00489,PLT004,2024-07-13,Natural Gas,1023.64,4.557,4664.74,Ghana National Gas Company,Takoradi RMS
FUL00490,PLT005,2024-07-13,Natural Gas,1286.98,4.1941,5397.72,Ghana National Gas Company,Prestea RMS
FUL00491,PLT001,2024-07-15,Natural Gas,955.51,4.5098,4309.17,Ghana National Gas Company,Prestea RMS
FUL00492,PLT002,2024-07-15,Natural Gas,1017.06,4.1629,4233.93,Ghana National Gas Company,Takoradi RMS
FUL00493,PLT003,2024-07-15,Natural Gas,1872.78,4.3945,8229.95,Ghana National Gas Company,Prestea RMS
FUL00494,PLT004,2024-07-15,Natural Gas,2313.56,4.1353,9567.27,Ghana National Gas Company,Takoradi RMS
FUL00495,PLT005,2024-07-15,Natural Gas,1987.63,3.9236,7798.7,Ghana National Gas Company,Prestea RMS
FUL00496,PLT001,2024-07-17,Natural Gas,1463.82,3.8792,5678.48,Ghana National Gas Company,Prestea RMS
FUL00497,PLT002,2024-07-17,Natural Gas,1582.96,4.1265,6532.07,Ghana National Gas Company,Takoradi RMS
FUL00498,PLT003,2024-07-17,Natural Gas,2322.43,3.8262,8886.02,Ghana National Gas Company,Prestea RMS
FUL00499,PLT004,2024-07-17,Natural Gas,1392.85,4.1547,5786.88,Ghana National Gas Company,Takoradi RMS
FUL00500,PLT005,2024-07-17,Natural Gas,2320.89,4.4844,10407.71,Ghana National Gas Company,Prestea RMS
FUL00501,PLT001,2024-07-19,Natural Gas,958.97,4.3485,4170.12,Ghana National Gas Company,Prestea RMS
FUL00502,PLT002,2024-07-19,Natural Gas,1671.15,4.5823,7657.67,Ghana National Gas Company,Takoradi RMS
FUL00503,PLT003,2024-07-19,Natural Gas,1373.88,4.1185,5658.34,Ghana National Gas Company,Prestea RMS
FUL00504,PLT004,2024-07-19,Natural Gas,1103.69,3.8977,4301.88,Ghana National Gas Company,Takoradi RMS
FUL00505,PLT005,2024-07-19,Natural Gas,2156.85,4.1638,8980.64,Ghana National Gas Company,Prestea RMS
FUL00506,PLT001,2024-07-21,Natural Gas,1860.43,4.3134,8024.71,Ghana National Gas Company,Prestea RMS
FUL00507,PLT002,2024-07-21,Natural Gas,1755.43,3.8171,6700.63,Ghana National Gas Company,Takoradi RMS
FUL00508,PLT003,2024-07-21,Natural Gas,2058.87,3.9949,8224.89,Ghana National Gas Company,Prestea RMS
FUL00509,PLT004,2024-07-21,Natural Gas,1001.48,4.2517,4257.95,Ghana National Gas Company,Takoradi RMS
FUL00510,PLT005,2024-07-21,Natural Gas,909.78,4.4121,4014.06,Ghana National Gas Company,Prestea RMS
FUL00511,PLT001,2024-07-23,Natural Gas,1131.45,3.9728,4494.98,Ghana National Gas Company,Prestea RMS
FUL00512,PLT002,2024-07-23,Natural Gas,2191.51,4.0628,8903.77,Ghana National Gas Company,Takoradi RMS
FUL00513,PLT003,2024-07-23,Natural Gas,1036.09,4.5204,4683.57,Ghana National Gas Company,Prestea RMS
FUL00514,PLT004,2024-07-23,Natural Gas,804.54,4.4867,3609.75,Ghana National Gas Company,Takoradi RMS
FUL00515,PLT005,2024-07-23,Natural Gas,1031.5,3.904,4026.97,Ghana National Gas Company,Prestea RMS
FUL00516,PLT001,2024-07-25,Natural Gas,1201.05,3.9396,4731.65,Ghana National Gas Company,Prestea RMS
FUL00517,PLT002,2024-07-25,Natural Gas,1857.69,3.8206,7097.54,Ghana National Gas Company,Takoradi RMS
FUL00518,PLT003,2024-07-25,Natural Gas,823.78,4.432,3650.98,Ghana National Gas Company,Prestea RMS
FUL00519,PLT004,2024-07-25,Natural Gas,1180.69,4.059,4792.44,Ghana National Gas Company,Takoradi RMS
FUL00520,PLT005,2024-07-25,Natural Gas,1078.79,3.8419,4144.62,Ghana National Gas Company,Prestea RMS
FUL00521,PLT001,2024-07-27,Natural Gas,1986.75,4.2209,8385.81,Ghana National Gas Company,Prestea RMS
FUL00522,PLT002,2024-07-27,Natural Gas,1993.06,4.181,8332.98,Ghana National Gas Company,Takoradi RMS
FUL00523,PLT003,2024-07-27,Natural Gas,2044.83,4.2106,8609.94,Ghana National Gas Company,Prestea RMS
FUL00524,PLT004,2024-07-27,Natural Gas,974.49,4.2031,4095.85,Ghana National Gas Company,Takoradi RMS
FUL00525,PLT005,2024-07-27,Natural Gas,2312.67,3.8347,8868.38,Ghana National Gas Company,Prestea RMS
FUL00526,PLT001,2024-07-29,Natural Gas,2053.16,4.4936,9226.05,Ghana National Gas Company,Prestea RMS
FUL00527,PLT002,2024-07-29,Natural Gas,1634.32,4.1664,6809.29,Ghana National Gas Company,Takoradi RMS
FUL00528,PLT003,2024-07-29,Natural Gas,2342.44,3.8487,9015.26,Ghana National Gas Company,Prestea RMS
FUL00529,PLT004,2024-07-29,Natural Gas,1566.37,4.1213,6455.47,Ghana National Gas Company,Takoradi RMS
FUL00530,PLT005,2024-07-29,Natural Gas,1897.76,4.1922,7955.82,Ghana National Gas Company,Prestea RMS
FUL00531,PLT001,2024-07-31,Natural Gas,2255.52,3.8588,8703.58,Ghana National Gas Company,Prestea RMS
FUL00532,PLT002,2024-07-31,Natural Gas,929.26,4.2866,3983.4,Ghana National Gas Company,Takoradi RMS
FUL00533,PLT003,2024-07-31,Natural Gas,905.09,4.02,3638.47,Ghana National Gas Company,Prestea RMS
FUL00534,PLT004,2024-07-31,Natural Gas,1812.92,4.2387,7684.4,Ghana National Gas Company,Takoradi RMS
FUL00535,PLT005,2024-07-31,Natural Gas,1320.3,4.5957,6067.71,Ghana National Gas Company,Prestea RMS
FUL00536,PLT001,2024-08-02,Natural Gas,1648.89,4.163,6864.28,Ghana National Gas Company,Prestea RMS
FUL00537,PLT002,2024-08-02,Natural Gas,1768.68,3.8793,6861.32,Ghana National Gas Company,Takoradi RMS
FUL00538,PLT003,2024-08-02,Natural Gas,1922.85,4.4822,8618.66,Ghana National Gas Company,Prestea RMS
FUL00539,PLT004,2024-08-02,Natural Gas,1841.47,4.4152,8130.4,Ghana National Gas Company,Takoradi RMS
FUL00540,PLT005,2024-08-02,Natural Gas,1953.34,3.972,7758.7,Ghana National Gas Company,Prestea RMS
FUL00541,PLT001,2024-08-04,Natural Gas,1522.49,3.9828,6063.77,Ghana National Gas Company,Prestea RMS
FUL00542,PLT002,2024-08-04,Natural Gas,1342.29,4.1628,5587.68,Ghana National Gas Company,Takoradi RMS
FUL00543,PLT003,2024-08-04,Natural Gas,1465.58,3.8761,5680.69,Ghana National Gas Company,Prestea RMS
FUL00544,PLT004,2024-08-04,Natural Gas,1482.82,4.3321,6423.7,Ghana National Gas Company,Takoradi RMS
FUL00545,PLT005,2024-08-04,Natural Gas,1398.88,3.9221,5486.56,Ghana National Gas Company,Prestea RMS
FUL00546,PLT001,2024-08-06,Natural Gas,2276.78,3.8537,8774.04,Ghana National Gas Company,Prestea RMS
FUL00547,PLT002,2024-08-06,Natural Gas,2130.84,3.8746,8256.12,Ghana National Gas Company,Takoradi RMS
FUL00548,PLT003,2024-08-06,Natural Gas,954.5,4.391,4191.24,Ghana National Gas Company,Prestea RMS
FUL00549,PLT004,2024-08-06,Natural Gas,2098.83,4.2451,8909.74,Ghana National Gas Company,Takoradi RMS
FUL00550,PLT005,2024-08-06,Natural Gas,1738.34,4.2493,7386.67,Ghana National Gas Company,Prestea RMS
FUL00551,PLT001,2024-08-08,Natural Gas,1327.43,3.8978,5174.04,Ghana National Gas Company,Prestea RMS
FUL00552,PLT002,2024-08-08,Natural Gas,1365.76,4.3323,5916.84,Ghana National Gas Company,Takoradi RMS
FUL00553,PLT003,2024-08-08,Natural Gas,2000.45,4.4945,8990.97,Ghana National Gas Company,Prestea RMS
FUL00554,PLT004,2024-08-08,Natural Gas,1953.7,4.5747,8937.63,Ghana National Gas Company,Takoradi RMS
FUL00555,PLT005,2024-08-08,Natural Gas,1760.66,4.0813,7185.81,Ghana National Gas Company,Prestea RMS
FUL00556,PLT001,2024-08-10,Natural Gas,1724.67,3.9702,6847.27,Ghana National Gas Company,Prestea RMS
FUL00557,PLT002,2024-08-10,Natural Gas,1850.78,3.9794,7364.99,Ghana National Gas Company,Takoradi RMS
FUL00558,PLT003,2024-08-10,Natural Gas,973.15,4.4763,4356.11,Ghana National Gas Company,Prestea RMS
FUL00559,PLT004,2024-08-10,Natural Gas,1388.1,4.4101,6121.64,Ghana National Gas Company,Takoradi RMS
FUL00560,PLT005,2024-08-10,Natural Gas,1718.56,4.4458,7640.33,Ghana National Gas Company,Prestea RMS
FUL00561,PLT001,2024-08-12,Natural Gas,2152.25,4.5796,9856.52,Ghana National Gas Company,Prestea RMS
FUL00562,PLT002,2024-08-12,Natural Gas,2109.48,4.2909,9051.48,Ghana National Gas Company,Takoradi RMS
FUL00563,PLT003,2024-08-12,Natural Gas,1828.32,3.821,6986.02,Ghana National Gas Company,Prestea RMS
FUL00564,PLT004,2024-08-12,Natural Gas,2286.53,4.4636,10206.08,Ghana National Gas Company,Takoradi RMS
FUL00565,PLT005,2024-08-12,Natural Gas,1227.92,3.9443,4843.33,Ghana National Gas Company,Prestea RMS
FUL00566,PLT001,2024-08-14,Natural Gas,1924.32,4.0472,7788.08,Ghana National Gas Company,Prestea RMS
FUL00567,PLT002,2024-08-14,Natural Gas,1343.72,3.8049,5112.7,Ghana National Gas Company,Takoradi RMS
FUL00568,PLT003,2024-08-14,Natural Gas,2191.78,4.2531,9321.76,Ghana National Gas Company,Prestea RMS
FUL00569,PLT004,2024-08-14,Natural Gas,1441.25,3.9135,5640.33,Ghana National Gas Company,Takoradi RMS
FUL00570,PLT005,2024-08-14,Natural Gas,1813.08,3.8245,6934.17,Ghana National Gas Company,Prestea RMS
FUL00571,PLT001,2024-08-16,Natural Gas,1993.78,3.9721,7919.51,Ghana National Gas Company,Prestea RMS
FUL00572,PLT002,2024-08-16,Natural Gas,1471.73,4.0727,5993.94,Ghana National Gas Company,Takoradi RMS
FUL00573,PLT003,2024-08-16,Natural Gas,1392.08,4.3773,6093.52,Ghana National Gas Company,Prestea RMS
FUL00574,PLT004,2024-08-16,Natural Gas,2042.94,4.2541,8690.82,Ghana National Gas Company,Takoradi RMS
FUL00575,PLT005,2024-08-16,Natural Gas,935.93,3.8421,3595.92,Ghana National Gas Company,Prestea RMS
FUL00576,PLT001,2024-08-18,Natural Gas,1051.86,4.2943,4516.97,Ghana National Gas Company,Prestea RMS
FUL00577,PLT002,2024-08-18,Natural Gas,1878.35,4.0177,7546.61,Ghana National Gas Company,Takoradi RMS
FUL00578,PLT003,2024-08-18,Natural Gas,1859.1,4.1885,7786.89,Ghana National Gas Company,Prestea RMS
FUL00579,PLT004,2024-08-18,Natural Gas,1507.27,4.0185,6057.01,Ghana National Gas Company,Takoradi RMS
FUL00580,PLT005,2024-08-18,Natural Gas,2007.91,3.8911,7812.89,Ghana National Gas Company,Prestea RMS
FUL00581,PLT001,2024-08-20,Natural Gas,1487.86,4.0266,5991.01,Ghana National Gas Company,Prestea RMS
FUL00582,PLT002,2024-08-20,Natural Gas,1885.58,4.1893,7899.27,Ghana National Gas Company,Takoradi RMS
FUL00583,PLT003,2024-08-20,Natural Gas,1867.41,3.8363,7164.01,Ghana National Gas Company,Prestea RMS
FUL00584,PLT004,2024-08-20,Natural Gas,1432.42,4.2795,6129.98,Ghana National Gas Company,Takoradi RMS
FUL00585,PLT005,2024-08-20,Natural Gas,812.3,4.0411,3282.61,Ghana National Gas Company,Prestea RMS
FUL00586,PLT001,2024-08-22,Natural Gas,1137.97,3.9098,4449.22,Ghana National Gas Company,Prestea RMS
FUL00587,PLT002,2024-08-22,Natural Gas,1208.83,4.0625,4910.87,Ghana National Gas Company,Takoradi RMS
FUL00588,PLT003,2024-08-22,Natural Gas,812.37,4.3976,3572.49,Ghana National Gas Company,Prestea RMS
FUL00589,PLT004,2024-08-22,Natural Gas,1081.11,4.1042,4437.05,Ghana National Gas Company,Takoradi RMS
FUL00590,PLT005,2024-08-22,Natural Gas,1925.87,4.2002,8089.06,Ghana National Gas Company,Prestea RMS
FUL00591,PLT001,2024-08-24,Natural Gas,2133.37,4.445,9482.74,Ghana National Gas Company,Prestea RMS
FUL00592,PLT002,2024-08-24,Natural Gas,915.32,4.4894,4109.25,Ghana National Gas Company,Takoradi RMS
FUL00593,PLT003,2024-08-24,Natural Gas,867.68,3.815,3310.19,Ghana National Gas Company,Prestea RMS
FUL00594,PLT004,2024-08-24,Natural Gas,2273.86,4.4897,10208.92,Ghana National Gas Company,Takoradi RMS
FUL00595,PLT005,2024-08-24,Natural Gas,1721.21,4.2587,7330.15,Ghana National Gas Company,Prestea RMS
FUL00596,PLT001,2024-08-26,Natural Gas,1935.2,4.1342,8000.42,Ghana National Gas Company,Prestea RMS
FUL00597,PLT002,2024-08-26,Natural Gas,984.28,3.8167,3756.69,Ghana National Gas Company,Takoradi RMS
FUL00598,PLT003,2024-08-26,Natural Gas,1319.63,4.4411,5860.55,Ghana National Gas Company,Prestea RMS
FUL00599,PLT004,2024-08-26,Natural Gas,1789.0,4.4656,7989.0,Ghana National Gas Company,Takoradi RMS
FUL00600,PLT005,2024-08-26,Natural Gas,2271.63,3.8705,8792.35,Ghana National Gas Company,Prestea RMS
FUL00601,PLT001,2024-08-28,Natural Gas,2151.17,3.9947,8593.18,Ghana National Gas Company,Prestea RMS
FUL00602,PLT002,2024-08-28,Natural Gas,1742.19,4.2192,7350.6,Ghana National Gas Company,Takoradi RMS
FUL00603,PLT003,2024-08-28,Natural Gas,1433.23,4.0482,5802.03,Ghana National Gas Company,Prestea RMS
FUL00604,PLT004,2024-08-28,Natural Gas,1343.22,4.0665,5462.14,Ghana National Gas Company,Takoradi RMS
FUL00605,PLT005,2024-08-28,Natural Gas,1069.01,4.2084,4498.81,Ghana National Gas Company,Prestea RMS
FUL00606,PLT001,2024-08-30,Natural Gas,982.44,4.208,4134.07,Ghana National Gas Company,Prestea RMS
FUL00607,PLT002,2024-08-30,Natural Gas,2249.48,4.0795,9176.75,Ghana National Gas Company,Takoradi RMS
FUL00608,PLT003,2024-08-30,Natural Gas,1963.81,4.4552,8749.09,Ghana National Gas Company,Prestea RMS
FUL00609,PLT004,2024-08-30,Natural Gas,2104.06,3.989,8393.13,Ghana National Gas Company,Takoradi RMS
FUL00610,PLT005,2024-08-30,Natural Gas,1034.31,3.9578,4093.61,Ghana National Gas Company,Prestea RMS
FUL00611,PLT001,2024-09-01,Natural Gas,1763.84,4.4082,7775.31,Ghana National Gas Company,Prestea RMS
FUL00612,PLT002,2024-09-01,Natural Gas,1848.81,3.9417,7287.49,Ghana National Gas Company,Takoradi RMS
FUL00613,PLT003,2024-09-01,Natural Gas,2036.56,4.1953,8543.97,Ghana National Gas Company,Prestea RMS
FUL00614,PLT004,2024-09-01,Natural Gas,2007.11,4.4079,8847.14,Ghana National Gas Company,Takoradi RMS
FUL00615,PLT005,2024-09-01,Natural Gas,1518.25,4.5393,6891.83,Ghana National Gas Company,Prestea RMS
FUL00616,PLT001,2024-09-03,Natural Gas,1703.19,4.3082,7337.75,Ghana National Gas Company,Prestea RMS
FUL00617,PLT002,2024-09-03,Natural Gas,1799.23,4.4914,8081.06,Ghana National Gas Company,Takoradi RMS
FUL00618,PLT003,2024-09-03,Natural Gas,1803.55,3.9208,7071.3,Ghana National Gas Company,Prestea RMS
FUL00619,PLT004,2024-09-03,Natural Gas,909.26,4.1538,3776.85,Ghana National Gas Company,Takoradi RMS
FUL00620,PLT005,2024-09-03,Natural Gas,1284.51,4.0197,5163.39,Ghana National Gas Company,Prestea RMS
FUL00621,PLT001,2024-09-05,Natural Gas,889.88,4.2059,3742.72,Ghana National Gas Company,Prestea RMS
FUL00622,PLT002,2024-09-05,Natural Gas,1296.65,4.1615,5396.05,Ghana National Gas Company,Takoradi RMS
FUL00623,PLT003,2024-09-05,Natural Gas,891.02,4.4654,3978.72,Ghana National Gas Company,Prestea RMS
FUL00624,PLT004,2024-09-05,Natural Gas,922.77,4.4914,4144.53,Ghana National Gas Company,Takoradi RMS
FUL00625,PLT005,2024-09-05,Natural Gas,2168.47,4.292,9307.09,Ghana National Gas Company,Prestea RMS
FUL00626,PLT001,2024-09-07,Natural Gas,1611.31,4.1702,6719.44,Ghana National Gas Company,Prestea RMS
FUL00627,PLT002,2024-09-07,Natural Gas,1686.91,4.4335,7478.84,Ghana National Gas Company,Takoradi RMS
FUL00628,PLT003,2024-09-07,Natural Gas,2233.4,4.1598,9290.47,Ghana National Gas Company,Prestea RMS
FUL00629,PLT004,2024-09-07,Natural Gas,2095.71,4.3215,9056.55,Ghana National Gas Company,Takoradi RMS
FUL00630,PLT005,2024-09-07,Natural Gas,1314.44,4.1805,5495.02,Ghana National Gas Company,Prestea RMS
FUL00631,PLT001,2024-09-09,Natural Gas,1041.38,3.8495,4008.79,Ghana National Gas Company,Prestea RMS
FUL00632,PLT002,2024-09-09,Natural Gas,965.6,4.5193,4363.84,Ghana National Gas Company,Takoradi RMS
FUL00633,PLT003,2024-09-09,Natural Gas,1349.5,4.3715,5899.28,Ghana National Gas Company,Prestea RMS
FUL00634,PLT004,2024-09-09,Natural Gas,1607.28,3.938,6329.54,Ghana National Gas Company,Takoradi RMS
FUL00635,PLT005,2024-09-09,Natural Gas,1196.39,4.1502,4965.27,Ghana National Gas Company,Prestea RMS
FUL00636,PLT001,2024-09-11,Natural Gas,1503.07,4.2182,6340.25,Ghana National Gas Company,Prestea RMS
FUL00637,PLT002,2024-09-11,Natural Gas,1053.99,4.0983,4319.55,Ghana National Gas Company,Takoradi RMS
FUL00638,PLT003,2024-09-11,Natural Gas,1252.63,4.127,5169.62,Ghana National Gas Company,Prestea RMS
FUL00639,PLT004,2024-09-11,Natural Gas,1341.39,4.2783,5738.88,Ghana National Gas Company,Takoradi RMS
FUL00640,PLT005,2024-09-11,Natural Gas,2062.76,4.3178,8906.68,Ghana National Gas Company,Prestea RMS
FUL00641,PLT001,2024-09-13,Natural Gas,905.46,3.8756,3509.21,Ghana National Gas Company,Prestea RMS
FUL00642,PLT002,2024-09-13,Natural Gas,1885.41,4.0273,7593.14,Ghana National Gas Company,Takoradi RMS
FUL00643,PLT003,2024-09-13,Natural Gas,1957.97,4.3253,8468.71,Ghana National Gas Company,Prestea RMS
FUL00644,PLT004,2024-09-13,Natural Gas,2250.15,4.4986,10122.58,Ghana National Gas Company,Takoradi RMS
FUL00645,PLT005,2024-09-13,Natural Gas,1333.38,4.2662,5688.45,Ghana National Gas Company,Prestea RMS
FUL00646,PLT001,2024-09-15,Natural Gas,1026.29,4.0799,4187.12,Ghana National Gas Company,Prestea RMS
FUL00647,PLT002,2024-09-15,Natural Gas,2348.31,4.3588,10235.78,Ghana National Gas Company,Takoradi RMS
FUL00648,PLT003,2024-09-15,Natural Gas,1427.13,4.276,6102.45,Ghana National Gas Company,Prestea RMS
FUL00649,PLT004,2024-09-15,Natural Gas,2300.8,4.0477,9312.87,Ghana National Gas Company,Takoradi RMS
FUL00650,PLT005,2024-09-15,Natural Gas,1402.69,4.4333,6218.59,Ghana National Gas Company,Prestea RMS
FUL00651,PLT001,2024-09-17,Natural Gas,2101.1,4.3361,9110.57,Ghana National Gas Company,Prestea RMS
FUL00652,PLT002,2024-09-17,Natural Gas,2126.33,4.391,9336.76,Ghana National Gas Company,Takoradi RMS
FUL00653,PLT003,2024-09-17,Natural Gas,1896.66,4.2211,8006.02,Ghana National Gas Company,Prestea RMS
FUL00654,PLT004,2024-09-17,Natural Gas,1833.64,4.1387,7588.93,Ghana National Gas Company,Takoradi RMS
FUL00655,PLT005,2024-09-17,Natural Gas,1378.92,4.0901,5639.89,Ghana National Gas Company,Prestea RMS
FUL00656,PLT001,2024-09-19,Natural Gas,1088.42,3.9714,4322.5,Ghana National Gas Company,Prestea RMS
FUL00657,PLT002,2024-09-19,Natural Gas,2316.27,4.189,9702.89,Ghana National Gas Company,Takoradi RMS
FUL00658,PLT003,2024-09-19,Natural Gas,1162.47,3.9101,4545.32,Ghana National Gas Company,Prestea RMS
FUL00659,PLT004,2024-09-19,Natural Gas,923.46,4.4755,4132.98,Ghana National Gas Company,Takoradi RMS
FUL00660,PLT005,2024-09-19,Natural Gas,961.83,4.4167,4248.11,Ghana National Gas Company,Prestea RMS
FUL00661,PLT001,2024-09-21,Natural Gas,2136.19,4.5069,9627.69,Ghana National Gas Company,Prestea RMS
FUL00662,PLT002,2024-09-21,Natural Gas,860.4,4.0694,3501.32,Ghana National Gas Company,Takoradi RMS
FUL00663,PLT003,2024-09-21,Natural Gas,2026.09,3.9048,7911.56,Ghana National Gas Company,Prestea RMS
FUL00664,PLT004,2024-09-21,Natural Gas,1402.75,3.9298,5512.52,Ghana National Gas Company,Takoradi RMS
FUL00665,PLT005,2024-09-21,Natural Gas,2130.15,4.4169,9408.61,Ghana National Gas Company,Prestea RMS
FUL00666,PLT001,2024-09-23,Natural Gas,2094.47,3.9324,8236.36,Ghana National Gas Company,Prestea RMS
FUL00667,PLT002,2024-09-23,Natural Gas,1500.28,4.1287,6194.19,Ghana National Gas Company,Takoradi RMS
FUL00668,PLT003,2024-09-23,Natural Gas,1882.18,3.99,7509.94,Ghana National Gas Company,Prestea RMS
FUL00669,PLT004,2024-09-23,Natural Gas,1510.72,4.0279,6085.09,Ghana National Gas Company,Takoradi RMS
FUL00670,PLT005,2024-09-23,Natural Gas,1997.66,4.1591,8308.55,Ghana National Gas Company,Prestea RMS
FUL00671,PLT001,2024-09-25,Natural Gas,1654.42,4.0476,6696.39,Ghana National Gas Company,Prestea RMS
FUL00672,PLT002,2024-09-25,Natural Gas,2093.8,4.1752,8742.06,Ghana National Gas Company,Takoradi RMS
FUL00673,PLT003,2024-09-25,Natural Gas,2136.18,4.0943,8746.1,Ghana National Gas Company,Prestea RMS
FUL00674,PLT004,2024-09-25,Natural Gas,2315.41,4.5876,10622.06,Ghana National Gas Company,Takoradi RMS
FUL00675,PLT005,2024-09-25,Natural Gas,1538.69,4.0254,6193.87,Ghana National Gas Company,Prestea RMS
FUL00676,PLT001,2024-09-27,Natural Gas,1411.0,4.222,5957.2,Ghana National Gas Company,Prestea RMS
FUL00677,PLT002,2024-09-27,Natural Gas,2346.03,4.4535,10448.08,Ghana National Gas Company,Takoradi RMS
FUL00678,PLT003,2024-09-27,Natural Gas,2082.01,3.9107,8142.16,Ghana National Gas Company,Prestea RMS
FUL00679,PLT004,2024-09-27,Natural Gas,1200.01,4.3129,5175.58,Ghana National Gas Company,Takoradi RMS
FUL00680,PLT005,2024-09-27,Natural Gas,2198.59,4.2436,9330.01,Ghana National Gas Company,Prestea RMS
FUL00681,PLT001,2024-09-29,Natural Gas,964.14,4.4767,4316.18,Ghana National Gas Company,Prestea RMS
FUL00682,PLT002,2024-09-29,Natural Gas,2161.87,4.028,8708.12,Ghana National Gas Company,Takoradi RMS
FUL00683,PLT003,2024-09-29,Natural Gas,2020.99,4.0182,8120.81,Ghana National Gas Company,Prestea RMS
FUL00684,PLT004,2024-09-29,Natural Gas,2248.49,3.9179,8809.31,Ghana National Gas Company,Takoradi RMS
FUL00685,PLT005,2024-09-29,Natural Gas,1499.96,4.5571,6835.51,Ghana National Gas Company,Prestea RMS
FUL00686,PLT001,2024-10-01,Natural Gas,1155.26,4.1609,4806.92,Ghana National Gas Company,Prestea RMS
FUL00687,PLT002,2024-10-01,Natural Gas,1359.34,3.8213,5194.5,Ghana National Gas Company,Takoradi RMS
FUL00688,PLT003,2024-10-01,Natural Gas,885.21,4.2016,3719.3,Ghana National Gas Company,Prestea RMS
FUL00689,PLT004,2024-10-01,Natural Gas,1177.24,4.5956,5410.15,Ghana National Gas Company,Takoradi RMS
FUL00690,PLT005,2024-10-01,Natural Gas,1399.86,3.8225,5351.03,Ghana National Gas Company,Prestea RMS
FUL00691,PLT001,2024-10-03,Natural Gas,2289.32,4.4713,10236.33,Ghana National Gas Company,Prestea RMS
FUL00692,PLT002,2024-10-03,Natural Gas,1839.94,4.4331,8156.65,Ghana National Gas Company,Takoradi RMS
FUL00693,PLT003,2024-10-03,Natural Gas,1020.16,4.0295,4110.74,Ghana National Gas Company,Prestea RMS
FUL00694,PLT004,2024-10-03,Natural Gas,2127.62,4.3569,9269.74,Ghana National Gas Company,Takoradi RMS
FUL00695,PLT005,2024-10-03,Natural Gas,1022.07,4.3644,4460.75,Ghana National Gas Company,Prestea RMS
FUL00696,PLT001,2024-10-05,Natural Gas,1517.76,3.8042,5773.86,Ghana National Gas Company,Prestea RMS
FUL00697,PLT002,2024-10-05,Natural Gas,926.76,4.0047,3711.43,Ghana National Gas Company,Takoradi RMS
FUL00698,PLT003,2024-10-05,Natural Gas,2135.94,4.239,9054.34,Ghana National Gas Company,Prestea RMS
FUL00699,PLT004,2024-10-05,Natural Gas,1963.58,4.2222,8290.66,Ghana National Gas Company,Takoradi RMS
FUL00700,PLT005,2024-10-05,Natural Gas,977.9,4.0305,3941.41,Ghana National Gas Company,Prestea RMS
FUL00701,PLT001,2024-10-07,Natural Gas,1281.84,3.8382,4919.96,Ghana National Gas Company,Prestea RMS
FUL00702,PLT002,2024-10-07,Natural Gas,1471.72,4.4351,6527.25,Ghana National Gas Company,Takoradi RMS
FUL00703,PLT003,2024-10-07,Natural Gas,1531.38,3.8887,5955.06,Ghana National Gas Company,Prestea RMS
FUL00704,PLT004,2024-10-07,Natural Gas,2248.24,4.2774,9616.6,Ghana National Gas Company,Takoradi RMS
FUL00705,PLT005,2024-10-07,Natural Gas,826.3,4.2123,3480.62,Ghana National Gas Company,Prestea RMS
FUL00706,PLT001,2024-10-09,Natural Gas,1187.1,3.9149,4647.33,Ghana National Gas Company,Prestea RMS
FUL00707,PLT002,2024-10-09,Natural Gas,1486.78,4.2918,6381.03,Ghana National Gas Company,Takoradi RMS
FUL00708,PLT003,2024-10-09,Natural Gas,1184.9,4.1333,4897.49,Ghana National Gas Company,Prestea RMS
FUL00709,PLT004,2024-10-09,Natural Gas,1862.99,3.8685,7206.96,Ghana National Gas Company,Takoradi RMS
FUL00710,PLT005,2024-10-09,Natural Gas,2359.45,3.8541,9093.66,Ghana National Gas Company,Prestea RMS
FUL00711,PLT001,2024-10-11,Natural Gas,1641.7,4.2059,6904.76,Ghana National Gas Company,Prestea RMS
FUL00712,PLT002,2024-10-11,Natural Gas,2381.33,4.2433,10104.75,Ghana National Gas Company,Takoradi RMS
FUL00713,PLT003,2024-10-11,Natural Gas,1424.73,4.1761,5949.83,Ghana National Gas Company,Prestea RMS
FUL00714,PLT004,2024-10-11,Natural Gas,1817.07,4.5848,8330.96,Ghana National Gas Company,Takoradi RMS
FUL00715,PLT005,2024-10-11,Natural Gas,1205.84,3.813,4597.86,Ghana National Gas Company,Prestea RMS
FUL00716,PLT001,2024-10-13,Natural Gas,2061.63,4.0758,8402.88,Ghana National Gas Company,Prestea RMS
FUL00717,PLT002,2024-10-13,Natural Gas,1972.71,4.3026,8487.79,Ghana National Gas Company,Takoradi RMS
FUL00718,PLT003,2024-10-13,Natural Gas,2034.4,4.3881,8927.25,Ghana National Gas Company,Prestea RMS
FUL00719,PLT004,2024-10-13,Natural Gas,1332.03,3.8355,5108.96,Ghana National Gas Company,Takoradi RMS
FUL00720,PLT005,2024-10-13,Natural Gas,1673.62,4.4508,7448.96,Ghana National Gas Company,Prestea RMS
FUL00721,PLT001,2024-10-15,Natural Gas,1080.14,4.4233,4777.8,Ghana National Gas Company,Prestea RMS
FUL00722,PLT002,2024-10-15,Natural Gas,1543.4,4.3563,6723.53,Ghana National Gas Company,Takoradi RMS
FUL00723,PLT003,2024-10-15,Natural Gas,1810.78,4.4492,8056.52,Ghana National Gas Company,Prestea RMS
FUL00724,PLT004,2024-10-15,Natural Gas,900.96,4.421,3983.1,Ghana National Gas Company,Takoradi RMS
FUL00725,PLT005,2024-10-15,Natural Gas,1532.29,4.0348,6182.41,Ghana National Gas Company,Prestea RMS
FUL00726,PLT001,2024-10-17,Natural Gas,870.09,3.9596,3445.19,Ghana National Gas Company,Prestea RMS
FUL00727,PLT002,2024-10-17,Natural Gas,867.05,4.5467,3942.21,Ghana National Gas Company,Takoradi RMS
FUL00728,PLT003,2024-10-17,Natural Gas,1624.61,4.5913,7459.07,Ghana National Gas Company,Prestea RMS
FUL00729,PLT004,2024-10-17,Natural Gas,1668.85,4.0026,6679.82,Ghana National Gas Company,Takoradi RMS
FUL00730,PLT005,2024-10-17,Natural Gas,2005.27,3.9529,7926.6,Ghana National Gas Company,Prestea RMS
FUL00731,PLT001,2024-10-19,Natural Gas,1371.16,4.4247,6066.93,Ghana National Gas Company,Prestea RMS
FUL00732,PLT002,2024-10-19,Natural Gas,2185.28,4.0655,8884.34,Ghana National Gas Company,Takoradi RMS
FUL00733,PLT003,2024-10-19,Natural Gas,999.16,4.0944,4090.98,Ghana National Gas Company,Prestea RMS
FUL00734,PLT004,2024-10-19,Natural Gas,2223.18,4.3946,9770.09,Ghana National Gas Company,Takoradi RMS
FUL00735,PLT005,2024-10-19,Natural Gas,2231.42,4.1093,9169.61,Ghana National Gas Company,Prestea RMS
FUL00736,PLT001,2024-10-21,Natural Gas,2357.96,4.197,9896.27,Ghana National Gas Company,Prestea RMS
FUL00737,PLT002,2024-10-21,Natural Gas,1596.04,4.5394,7245.14,Ghana National Gas Company,Takoradi RMS
FUL00738,PLT003,2024-10-21,Natural Gas,1630.84,4.4409,7242.43,Ghana National Gas Company,Prestea RMS
FUL00739,PLT004,2024-10-21,Natural Gas,1963.33,3.8631,7584.62,Ghana National Gas Company,Takoradi RMS
FUL00740,PLT005,2024-10-21,Natural Gas,1763.93,4.4579,7863.38,Ghana National Gas Company,Prestea RMS
FUL00741,PLT001,2024-10-23,Natural Gas,1672.76,4.057,6786.34,Ghana National Gas Company,Prestea RMS
FUL00742,PLT002,2024-10-23,Natural Gas,928.11,4.3287,4017.54,Ghana National Gas Company,Takoradi RMS
FUL00743,PLT003,2024-10-23,Natural Gas,1290.39,4.2821,5525.58,Ghana National Gas Company,Prestea RMS
FUL00744,PLT004,2024-10-23,Natural Gas,1481.79,4.3518,6448.47,Ghana National Gas Company,Takoradi RMS
FUL00745,PLT005,2024-10-23,Natural Gas,1362.48,3.8339,5223.59,Ghana National Gas Company,Prestea RMS
FUL00746,PLT001,2024-10-25,Natural Gas,2192.06,4.082,8948.09,Ghana National Gas Company,Prestea RMS
FUL00747,PLT002,2024-10-25,Natural Gas,2397.04,4.0196,9635.25,Ghana National Gas Company,Takoradi RMS
FUL00748,PLT003,2024-10-25,Natural Gas,2368.04,4.5583,10794.29,Ghana National Gas Company,Prestea RMS
FUL00749,PLT004,2024-10-25,Natural Gas,920.07,4.31,3965.51,Ghana National Gas Company,Takoradi RMS
FUL00750,PLT005,2024-10-25,Natural Gas,1381.3,4.4409,6134.18,Ghana National Gas Company,Prestea RMS
FUL00751,PLT001,2024-10-27,Natural Gas,1887.06,4.5622,8609.2,Ghana National Gas Company,Prestea RMS
FUL00752,PLT002,2024-10-27,Natural Gas,1028.45,4.2861,4408.0,Ghana National Gas Company,Takoradi RMS
FUL00753,PLT003,2024-10-27,Natural Gas,2050.1,3.8278,7847.45,Ghana National Gas Company,Prestea RMS
FUL00754,PLT004,2024-10-27,Natural Gas,907.57,4.4228,4014.01,Ghana National Gas Company,Takoradi RMS
FUL00755,PLT005,2024-10-27,Natural Gas,1386.13,4.1063,5691.84,Ghana National Gas Company,Prestea RMS
FUL00756,PLT001,2024-10-29,Natural Gas,1707.59,4.2841,7315.45,Ghana National Gas Company,Prestea RMS
FUL00757,PLT002,2024-10-29,Natural Gas,1886.5,4.5591,8600.66,Ghana National Gas Company,Takoradi RMS
FUL00758,PLT003,2024-10-29,Natural Gas,1395.22,4.4105,6153.57,Ghana National Gas Company,Prestea RMS
FUL00759,PLT004,2024-10-29,Natural Gas,1718.27,4.2236,7257.23,Ghana National Gas Company,Takoradi RMS
FUL00760,PLT005,2024-10-29,Natural Gas,1436.85,4.3197,6206.69,Ghana National Gas Company,Prestea RMS
FUL00761,PLT001,2024-10-31,Natural Gas,1199.38,3.8908,4666.5,Ghana National Gas Company,Prestea RMS
FUL00762,PLT002,2024-10-31,Natural Gas,1977.08,4.1992,8302.22,Ghana National Gas Company,Takoradi RMS
FUL00763,PLT003,2024-10-31,Natural Gas,1419.18,4.2493,6030.58,Ghana National Gas Company,Prestea RMS
FUL00764,PLT004,2024-10-31,Natural Gas,1218.84,4.0082,4885.39,Ghana National Gas Company,Takoradi RMS
FUL00765,PLT005,2024-10-31,Natural Gas,1514.04,4.5971,6960.18,Ghana National Gas Company,Prestea RMS
FUL00766,PLT001,2024-11-02,Natural Gas,1256.92,4.5332,5697.85,Ghana National Gas Company,Prestea RMS
FUL00767,PLT002,2024-11-02,Natural Gas,1585.92,3.8981,6182.09,Ghana National Gas Company,Takoradi RMS
FUL00768,PLT003,2024-11-02,Natural Gas,2164.52,4.1616,9007.94,Ghana National Gas Company,Prestea RMS
FUL00769,PLT004,2024-11-02,Natural Gas,2237.89,4.1561,9300.87,Ghana National Gas Company,Takoradi RMS
FUL00770,PLT005,2024-11-02,Natural Gas,940.47,4.3455,4086.85,Ghana National Gas Company,Prestea RMS
FUL00771,PLT001,2024-11-04,Natural Gas,2152.83,4.0557,8731.17,Ghana National Gas Company,Prestea RMS
FUL00772,PLT002,2024-11-04,Natural Gas,1355.88,3.8519,5222.78,Ghana National Gas Company,Takoradi RMS
FUL00773,PLT003,2024-11-04,Natural Gas,1667.47,4.5131,7525.4,Ghana National Gas Company,Prestea RMS
FUL00774,PLT004,2024-11-04,Natural Gas,2162.18,4.3694,9447.53,Ghana National Gas Company,Takoradi RMS
FUL00775,PLT005,2024-11-04,Natural Gas,2283.72,4.3102,9843.2,Ghana National Gas Company,Prestea RMS
FUL00776,PLT001,2024-11-06,Natural Gas,2069.91,4.207,8708.12,Ghana National Gas Company,Prestea RMS
FUL00777,PLT002,2024-11-06,Natural Gas,994.18,3.9608,3937.73,Ghana National Gas Company,Takoradi RMS
FUL00778,PLT003,2024-11-06,Natural Gas,1022.2,4.4323,4530.7,Ghana National Gas Company,Prestea RMS
FUL00779,PLT004,2024-11-06,Natural Gas,842.05,4.2432,3573.0,Ghana National Gas Company,Takoradi RMS
FUL00780,PLT005,2024-11-06,Natural Gas,1390.26,4.4429,6176.83,Ghana National Gas Company,Prestea RMS
FUL00781,PLT001,2024-11-08,Natural Gas,1682.64,4.2896,7217.78,Ghana National Gas Company,Prestea RMS
FUL00782,PLT002,2024-11-08,Natural Gas,937.94,4.0474,3796.25,Ghana National Gas Company,Takoradi RMS
FUL00783,PLT003,2024-11-08,Natural Gas,2399.35,4.3751,10497.39,Ghana National Gas Company,Prestea RMS
FUL00784,PLT004,2024-11-08,Natural Gas,1641.11,4.4153,7246.04,Ghana National Gas Company,Takoradi RMS
FUL00785,PLT005,2024-11-08,Natural Gas,2117.34,3.859,8170.82,Ghana National Gas Company,Prestea RMS
FUL00786,PLT001,2024-11-10,Natural Gas,2355.81,4.3139,10162.66,Ghana National Gas Company,Prestea RMS
FUL00787,PLT002,2024-11-10,Natural Gas,1519.96,4.3441,6602.84,Ghana National Gas Company,Takoradi RMS
FUL00788,PLT003,2024-11-10,Natural Gas,1351.22,4.5024,6083.69,Ghana National Gas Company,Prestea RMS
FUL00789,PLT004,2024-11-10,Natural Gas,2048.42,4.3118,8832.45,Ghana National Gas Company,Takoradi RMS
FUL00790,PLT005,2024-11-10,Natural Gas,1091.14,4.573,4989.8,Ghana National Gas Company,Prestea RMS
FUL00791,PLT001,2024-11-12,Natural Gas,1492.19,4.5286,6757.49,Ghana National Gas Company,Prestea RMS
FUL00792,PLT002,2024-11-12,Natural Gas,888.66,3.8993,3465.18,Ghana National Gas Company,Takoradi RMS
FUL00793,PLT003,2024-11-12,Natural Gas,1044.82,3.9317,4107.95,Ghana National Gas Company,Prestea RMS
FUL00794,PLT004,2024-11-12,Natural Gas,1316.26,4.3675,5748.72,Ghana National Gas Company,Takoradi RMS
FUL00795,PLT005,2024-11-12,Natural Gas,1353.64,4.5527,6162.75,Ghana National Gas Company,Prestea RMS
FUL00796,PLT001,2024-11-14,Natural Gas,2231.88,4.4767,9991.56,Ghana National Gas Company,Prestea RMS
FUL00797,PLT002,2024-11-14,Natural Gas,1200.97,4.308,5173.83,Ghana National Gas Company,Takoradi RMS
FUL00798,PLT003,2024-11-14,Natural Gas,1681.35,3.9001,6557.49,Ghana National Gas Company,Prestea RMS
FUL00799,PLT004,2024-11-14,Natural Gas,1284.52,4.2268,5429.39,Ghana National Gas Company,Takoradi RMS
FUL00800,PLT005,2024-11-14,Natural Gas,1604.12,3.9349,6312.07,Ghana National Gas Company,Prestea RMS
FUL00801,PLT001,2024-11-16,Natural Gas,2306.57,3.9234,9049.49,Ghana National Gas Company,Prestea RMS
FUL00802,PLT002,2024-11-16,Natural Gas,1853.97,4.3765,8113.91,Ghana National Gas Company,Takoradi RMS
FUL00803,PLT003,2024-11-16,Natural Gas,1768.22,4.474,7911.06,Ghana National Gas Company,Prestea RMS
FUL00804,PLT004,2024-11-16,Natural Gas,1701.79,4.4602,7590.31,Ghana National Gas Company,Takoradi RMS
FUL00805,PLT005,2024-11-16,Natural Gas,845.4,3.8364,3243.27,Ghana National Gas Company,Prestea RMS
FUL00806,PLT001,2024-11-18,Natural Gas,1826.33,4.2614,7782.75,Ghana National Gas Company,Prestea RMS
FUL00807,PLT002,2024-11-18,Natural Gas,1841.81,4.4136,8128.95,Ghana National Gas Company,Takoradi RMS
FUL00808,PLT003,2024-11-18,Natural Gas,1466.54,4.3112,6322.54,Ghana National Gas Company,Prestea RMS
FUL00809,PLT004,2024-11-18,Natural Gas,1596.86,4.3017,6869.26,Ghana National Gas Company,Takoradi RMS
FUL00810,PLT005,2024-11-18,Natural Gas,1263.47,4.5653,5768.15,Ghana National Gas Company,Prestea RMS
FUL00811,PLT001,2024-11-20,Natural Gas,1572.71,4.4437,6988.73,Ghana National Gas Company,Prestea RMS
FUL00812,PLT002,2024-11-20,Natural Gas,1895.99,4.0379,7655.91,Ghana National Gas Company,Takoradi RMS
FUL00813,PLT003,2024-11-20,Natural Gas,916.76,3.8479,3527.63,Ghana National Gas Company,Prestea RMS
FUL00814,PLT004,2024-11-20,Natural Gas,1503.37,4.1874,6295.21,Ghana National Gas Company,Takoradi RMS
FUL00815,PLT005,2024-11-20,Natural Gas,1126.44,4.2853,4827.17,Ghana National Gas Company,Prestea RMS
FUL00816,PLT001,2024-11-22,Natural Gas,1300.13,4.3747,5687.67,Ghana National Gas Company,Prestea RMS
FUL00817,PLT002,2024-11-22,Natural Gas,1974.72,4.4886,8863.77,Ghana National Gas Company,Takoradi RMS
FUL00818,PLT003,2024-11-22,Natural Gas,2360.6,3.9046,9217.23,Ghana National Gas Company,Prestea RMS
FUL00819,PLT004,2024-11-22,Natural Gas,1392.86,4.2493,5918.71,Ghana National Gas Company,Takoradi RMS
FUL00820,PLT005,2024-11-22,Natural Gas,1310.59,4.1732,5469.33,Ghana National Gas Company,Prestea RMS
FUL00821,PLT001,2024-11-24,Natural Gas,1227.95,3.9983,4909.76,Ghana National Gas Company,Prestea RMS
FUL00822,PLT002,2024-11-24,Natural Gas,954.9,4.0322,3850.32,Ghana National Gas Company,Takoradi RMS
FUL00823,PLT003,2024-11-24,Natural Gas,1414.64,4.2923,6072.06,Ghana National Gas Company,Prestea RMS
FUL00824,PLT004,2024-11-24,Natural Gas,1197.23,4.4922,5378.25,Ghana National Gas Company,Takoradi RMS
FUL00825,PLT005,2024-11-24,Natural Gas,1055.52,4.062,4287.47,Ghana National Gas Company,Prestea RMS
FUL00826,PLT001,2024-11-26,Natural Gas,1724.3,4.0502,6983.71,Ghana National Gas Company,Prestea RMS
FUL00827,PLT002,2024-11-26,Natural Gas,2020.99,4.1986,8485.35,Ghana National Gas Company,Takoradi RMS
FUL00828,PLT003,2024-11-26,Natural Gas,1623.56,4.199,6817.34,Ghana National Gas Company,Prestea RMS
FUL00829,PLT004,2024-11-26,Natural Gas,1293.66,3.8185,4939.89,Ghana National Gas Company,Takoradi RMS
FUL00830,PLT005,2024-11-26,Natural Gas,2312.37,4.2044,9722.03,Ghana National Gas Company,Prestea RMS
FUL00831,PLT001,2024-11-28,Natural Gas,2346.7,3.9721,9321.36,Ghana National Gas Company,Prestea RMS
FUL00832,PLT002,2024-11-28,Natural Gas,1364.63,3.8404,5240.77,Ghana National Gas Company,Takoradi RMS
FUL00833,PLT003,2024-11-28,Natural Gas,1591.83,4.5059,7172.58,Ghana National Gas Company,Prestea RMS
FUL00834,PLT004,2024-11-28,Natural Gas,1846.82,4.1765,7713.19,Ghana National Gas Company,Takoradi RMS
FUL00835,PLT005,2024-11-28,Natural Gas,1658.71,4.4777,7427.27,Ghana National Gas Company,Prestea RMS
FUL00836,PLT001,2024-11-30,Natural Gas,1489.48,4.506,6711.54,Ghana National Gas Company,Prestea RMS
FUL00837,PLT002,2024-11-30,Natural Gas,1964.01,4.4111,8663.42,Ghana National Gas Company,Takoradi RMS
FUL00838,PLT003,2024-11-30,Natural Gas,1385.5,4.1205,5708.9,Ghana National Gas Company,Prestea RMS
FUL00839,PLT004,2024-11-30,Natural Gas,1712.45,3.9557,6773.98,Ghana National Gas Company,Takoradi RMS
FUL00840,PLT005,2024-11-30,Natural Gas,1685.16,3.8588,6502.74,Ghana National Gas Company,Prestea RMS
FUL00841,PLT001,2024-12-02,Natural Gas,1606.81,4.4115,7088.48,Ghana National Gas Company,Prestea RMS
FUL00842,PLT002,2024-12-02,Natural Gas,1247.55,4.5913,5727.84,Ghana National Gas Company,Takoradi RMS
FUL00843,PLT003,2024-12-02,Natural Gas,1888.64,3.895,7356.34,Ghana National Gas Company,Prestea RMS
FUL00844,PLT004,2024-12-02,Natural Gas,2360.13,4.1151,9712.23,Ghana National Gas Company,Takoradi RMS
FUL00845,PLT005,2024-12-02,Natural Gas,2071.84,4.0713,8435.02,Ghana National Gas Company,Prestea RMS
FUL00846,PLT001,2024-12-04,Natural Gas,2302.32,4.404,10139.35,Ghana National Gas Company,Prestea RMS
FUL00847,PLT002,2024-12-04,Natural Gas,1118.49,4.2073,4705.82,Ghana National Gas Company,Takoradi RMS
FUL00848,PLT003,2024-12-04,Natural Gas,1600.12,3.8362,6138.45,Ghana National Gas Company,Prestea RMS
FUL00849,PLT004,2024-12-04,Natural Gas,1019.26,4.0664,4144.75,Ghana National Gas Company,Takoradi RMS
FUL00850,PLT005,2024-12-04,Natural Gas,1557.99,4.1656,6489.95,Ghana National Gas Company,Prestea RMS
FUL00851,PLT001,2024-12-06,Natural Gas,1770.02,4.2124,7456.04,Ghana National Gas Company,Prestea RMS
FUL00852,PLT002,2024-12-06,Natural Gas,1324.75,4.2905,5683.78,Ghana National Gas Company,Takoradi RMS
FUL00853,PLT003,2024-12-06,Natural Gas,1060.0,4.5925,4868.04,Ghana National Gas Company,Prestea RMS
FUL00854,PLT004,2024-12-06,Natural Gas,1982.91,4.0394,8009.74,Ghana National Gas Company,Takoradi RMS
FUL00855,PLT005,2024-12-06,Natural Gas,1338.2,4.4626,5971.89,Ghana National Gas Company,Prestea RMS
FUL00856,PLT001,2024-12-08,Natural Gas,1651.74,4.367,7213.14,Ghana National Gas Company,Prestea RMS
FUL00857,PLT002,2024-12-08,Natural Gas,1279.66,4.4526,5697.81,Ghana National Gas Company,Takoradi RMS
FUL00858,PLT003,2024-12-08,Natural Gas,1389.37,4.339,6028.54,Ghana National Gas Company,Prestea RMS
FUL00859,PLT004,2024-12-08,Natural Gas,2367.84,4.267,10103.48,Ghana National Gas Company,Takoradi RMS
FUL00860,PLT005,2024-12-08,Natural Gas,2074.81,4.3803,9088.21,Ghana National Gas Company,Prestea RMS
FUL00861,PLT001,2024-12-10,Natural Gas,1900.87,3.8213,7263.83,Ghana National Gas Company,Prestea RMS
FUL00862,PLT002,2024-12-10,Natural Gas,1559.34,4.5737,7131.89,Ghana National Gas Company,Takoradi RMS
FUL00863,PLT003,2024-12-10,Natural Gas,2052.65,4.4209,9074.62,Ghana National Gas Company,Prestea RMS
FUL00864,PLT004,2024-12-10,Natural Gas,1724.22,4.3771,7547.12,Ghana National Gas Company,Takoradi RMS
FUL00865,PLT005,2024-12-10,Natural Gas,1733.64,3.9364,6824.32,Ghana National Gas Company,Prestea RMS
FUL00866,PLT001,2024-12-12,Natural Gas,1806.44,4.2958,7760.08,Ghana National Gas Company,Prestea RMS
FUL00867,PLT002,2024-12-12,Natural Gas,2145.87,3.9182,8407.99,Ghana National Gas Company,Takoradi RMS
FUL00868,PLT003,2024-12-12,Natural Gas,1889.16,3.8253,7226.52,Ghana National Gas Company,Prestea RMS
FUL00869,PLT004,2024-12-12,Natural Gas,2317.13,3.8879,9008.81,Ghana National Gas Company,Takoradi RMS
FUL00870,PLT005,2024-12-12,Natural Gas,830.3,4.051,3363.51,Ghana National Gas Company,Prestea RMS
FUL00871,PLT001,2024-12-14,Natural Gas,1042.29,4.3524,4536.46,Ghana National Gas Company,Prestea RMS
FUL00872,PLT002,2024-12-14,Natural Gas,1456.6,4.42,6438.14,Ghana National Gas Company,Takoradi RMS
FUL00873,PLT003,2024-12-14,Natural Gas,2272.83,4.4983,10223.77,Ghana National Gas Company,Prestea RMS
FUL00874,PLT004,2024-12-14,Natural Gas,1977.34,3.8498,7612.41,Ghana National Gas Company,Takoradi RMS
FUL00875,PLT005,2024-12-14,Natural Gas,1020.93,3.9659,4048.88,Ghana National Gas Company,Prestea RMS
FUL00876,PLT001,2024-12-16,Natural Gas,1320.08,4.3298,5715.66,Ghana National Gas Company,Prestea RMS
FUL00877,PLT002,2024-12-16,Natural Gas,1640.76,4.051,6646.72,Ghana National Gas Company,Takoradi RMS
FUL00878,PLT003,2024-12-16,Natural Gas,1077.09,4.5297,4878.89,Ghana National Gas Company,Prestea RMS
FUL00879,PLT004,2024-12-16,Natural Gas,1347.72,4.0834,5503.32,Ghana National Gas Company,Takoradi RMS
FUL00880,PLT005,2024-12-16,Natural Gas,2035.18,4.3767,8907.45,Ghana National Gas Company,Prestea RMS
FUL00881,PLT001,2024-12-18,Natural Gas,1829.29,4.3547,7965.92,Ghana National Gas Company,Prestea RMS
FUL00882,PLT002,2024-12-18,Natural Gas,1776.12,3.9538,7022.44,Ghana National Gas Company,Takoradi RMS
FUL00883,PLT003,2024-12-18,Natural Gas,1194.43,4.2465,5072.11,Ghana National Gas Company,Prestea RMS
FUL00884,PLT004,2024-12-18,Natural Gas,1159.79,4.5783,5309.9,Ghana National Gas Company,Takoradi RMS
FUL00885,PLT005,2024-12-18,Natural Gas,1276.18,4.0312,5144.54,Ghana National Gas Company,Prestea RMS
FUL00886,PLT001,2024-12-20,Natural Gas,1131.64,4.364,4938.47,Ghana National Gas Company,Prestea RMS
FUL00887,PLT002,2024-12-20,Natural Gas,1307.27,4.079,5332.41,Ghana National Gas Company,Takoradi RMS
FUL00888,PLT003,2024-12-20,Natural Gas,2293.92,4.4363,10176.57,Ghana National Gas Company,Prestea RMS
FUL00889,PLT004,2024-12-20,Natural Gas,1237.53,3.8975,4823.27,Ghana National Gas Company,Takoradi RMS
FUL00890,PLT005,2024-12-20,Natural Gas,1882.6,4.1038,7725.73,Ghana National Gas Company,Prestea RMS
FUL00891,PLT001,2024-12-22,Natural Gas,2368.26,4.4547,10549.89,Ghana National Gas Company,Prestea RMS
FUL00892,PLT002,2024-12-22,Natural Gas,2327.37,4.4437,10342.12,Ghana National Gas Company,Takoradi RMS
FUL00893,PLT003,2024-12-22,Natural Gas,1264.72,4.0301,5096.95,Ghana National Gas Company,Prestea RMS
FUL00894,PLT004,2024-12-22,Natural Gas,1942.63,4.0771,7920.28,Ghana National Gas Company,Takoradi RMS
FUL00895,PLT005,2024-12-22,Natural Gas,1507.8,4.0052,6038.97,Ghana National Gas Company,Prestea RMS
FUL00896,PLT001,2024-12-24,Natural Gas,1566.53,3.9617,6206.05,Ghana National Gas Company,Prestea RMS
FUL00897,PLT002,2024-12-24,Natural Gas,1661.72,4.5464,7554.88,Ghana National Gas Company,Takoradi RMS
FUL00898,PLT003,2024-12-24,Natural Gas,1913.87,3.9098,7482.88,Ghana National Gas Company,Prestea RMS
FUL00899,PLT004,2024-12-24,Natural Gas,1785.08,4.2695,7621.34,Ghana National Gas Company,Takoradi RMS
FUL00900,PLT005,2024-12-24,Natural Gas,1187.93,4.3359,5150.71,Ghana National Gas Company,Prestea RMS
